"1","2","3","4","5","6","7","8","9","10","11","12","13","14","15","16","17","18","19","20","21","22","23","24","25","26","27","28","29","30","31","32","33","34","35","36","37","38","39","40","41","42","43","44","45","46","47","48","49","50","label"
"0","0","0","0","0","0","0","0","0","0","0","0","0","0","0","0","0","0","0","0","0","0","0","0","0","0","0","0","0","0","0","0","0","0","0","0","0","0","0","0","0","0","0","0","0","0","0","0","0","0","0"
"0.200000","0.0926493","0.272728","0","0.000000","0.111112","1","0.2779478","-0.0926493","-0.0926493","0.000000","-0.0926493","-0.0926493","-0.0926493","0.000000","0.000000","-0.0926493","0.0926493","0.272728","-0.0926493","0","0.0926493","-0.0926493","0.000000","0.2779478","0.0926493","-0.0926493","-0.0926493","0.000000","0.000000","0.100000","0.000000","0.000000","0.000000","0.111112","0","0.000000","0.111112","0","0","0","0.000000","0.000000","0.000000","0.000000","0.000000","0.000000","0.200000","0.000000","0","1"
"0.200000","0.0809852","0.272728","0","0.000000","0.111112","0","0.2660943","-0.1041239","-0.1041239","0.000000","-0.1041239","-0.1041239","-0.1041239","0.000000","0.000000","-0.1041239","0.0809852","0.363637","-0.1041239","0","0.2660943","-0.1041239","0.000000","0.2660943","0.0809852","-0.1041239","-0.1041239","0.000000","0.000000","0.100000","0.000000","0.000000","0.000000","0.111112","0","0.000000","0.111112","1","0","1","0.000000","0.000000","0.000000","0.000000","0.000000","0.000000","0.200000","0.000000","1","1"
"0.200000","0.0610561","0.272728","0","0.000000","0.111112","0","0.2238724","-0.1017602","-0.1017602","0.000000","-0.1017602","-0.1017602","0.0610561","0.000000","0.000000","-0.1017602","0.0610561","0.363637","-0.1017602","0","0.2238724","-0.1017602","0.090910","0.2238724","0.0610561","-0.1017602","-0.1017602","0.000000","0.000000","0.100000","0.000000","0.000000","0.000000","0.111112","0","0.000000","0.111112","1","1","0","0.000000","0.000000","0.000000","0.000000","0.000000","0.000000","0.200000","0.000000","1","1"
"0.100000","0.0689740","0.181819","0","0.000000","0.000000","1","0.0689740","0.0689740","-0.1149566","0.000000","-0.1149566","-0.1149566","0.2529045","0.000000","0.000000","0.0689740","-0.1149566","0.363637","-0.1149566","0","0.0689740","0.0689740","0.181819","0.0689740","0.0689740","-0.1149566","-0.1149566","0.000000","0.000000","0.100000","0.000000","0.000000","0.000000","0.000000","0","0.000000","0.111112","0","0","1","0.000000","0.000000","0.000000","0.000000","0.000000","0.000000","0.100000","0.000000","0","1"
"0.000000","0.0676262","0.181819","0","0.000000","0.000000","0","-0.1127104","0.0676262","-0.1127104","0.000000","0.0676262","0.0676262","0.2479629","0.000000","0.000000","0.0676262","-0.1127104","0.181819","-0.1127104","1","0.0676262","0.0676262","0.363637","0.0676262","-0.1127104","-0.1127104","-0.1127104","0.000000","0.000000","0.100000","0.000000","0.000000","0.000000","0.000000","0","0.000000","0.000000","0","1","0","0.000000","0.000000","0.100000","0.000000","0.000000","0.000000","0.100000","0.000000","0","1"
"0.100000","-0.0990348","0.181819","1","0.000000","0.000000","0","0.0594209","0.0594209","0.0594209","0.000000","0.0594209","0.0594209","0.0594209","0.100000","0.100000","0.0594209","-0.0990348","0.272728","0.0594209","0","-0.0990348","-0.0990348","0.363637","-0.0990348","0.0594209","0.0594209","-0.0990348","0.000000","0.000000","0.000000","0.000000","0.000000","0.000000","0.000000","1","0.100000","0.111112","0","0","0","0.000000","0.000000","0.100000","0.000000","0.000000","0.000000","0.000000","0.000000","0","1"
"0.100000","-0.1102447","0.181819","0","0.000000","0.000000","0","0.0661468","0.0661468","0.0661468","0.000000","0.0661468","0.0661468","0.0661468","0.100000","0.100000","-0.1102447","-0.1102447","0.272728","0.0661468","1","-0.1102447","0.0661468","0.454546","-0.1102447","0.0661468","0.0661468","-0.1102447","0.000000","0.000000","0.000000","0.000000","0.000000","0.000000","0.000000","0","0.100000","0.111112","0","1","1","0.000000","0.000000","0.100000","0.000000","0.000000","0.000000","0.000000","0.000000","1","1"
"0.100000","-0.1181622","0.181819","0","0.000000","0.000000","0","0.0708973","0.0708973","0.0708973","0.000000","0.0708973","0.0708973","0.0708973","0.100000","0.100000","-0.1181622","-0.1181622","0.272728","0.0708973","0","-0.1181622","0.0708973","0.454546","-0.1181622","0.0708973","0.0708973","-0.1181622","0.000000","0.000000","0.000000","0.000000","0.000000","0.000000","0.000000","1","0.100000","0.111112","1","0","0","0.000000","0.000000","0.100000","0.000000","0.000000","0.000000","0.000000","0.000000","0","1"
"0.000000","-0.1137786","0.090910","0","0.000000","0.000000","0","-0.1137786","0.2503129","-0.1137786","0.000000","0.4323586","0.0682671","0.2503129","0.100000","0.000000","-0.1137786","-0.1137786","0.181819","0.0682671","1","-0.1137786","0.0682671","0.636364","-0.1137786","-0.1137786","-0.1137786","-0.1137786","0.000000","0.000000","0.000000","0.000000","0.000000","0.000000","0.000000","1","0.000000","0.000000","0","0","0","0.000000","0.000000","0.300000","0.000000","0.000000","0.000000","0.000000","0.000000","0","1"
"0.000000","-0.0923526","0.000000","0","0.000000","0.000000","0","-0.0923526","0.4987040","-0.0923526","0.000000","0.3509399","-0.0923526","0.3509399","0.000000","0.000000","-0.0923526","-0.0923526","0.363637","-0.0923526","1","-0.0923526","-0.0923526","0.636364","-0.0923526","-0.0923526","-0.0923526","-0.0923526","0.000000","0.000000","0.000000","0.000000","0.000000","0.000000","0.000000","1","0.000000","0.000000","0","0","0","0.000000","0.000000","0.300000","0.000000","0.000000","0.000000","0.000000","0.000000","0","1"
"0.000000","-0.1075996","0.090910","0","0.000000","0.000000","0","-0.1075996","0.4088786","-0.1075996","0.000000","0.4088786","-0.1075996","0.4088786","0.000000","0.000000","-0.1075996","-0.1075996","0.272728","-0.1075996","1","-0.1075996","-0.1075996","0.636364","-0.1075996","-0.1075996","0.0645598","-0.1075996","0.000000","0.000000","0.000000","0.000000","0.000000","0.000000","0.000000","1","0.100000","0.000000","0","0","0","0.000000","0.000000","0.300000","0.000000","0.000000","0.000000","0.000000","0.000000","0","1"
"0.000000","-0.1042163","0.181819","0","0.000000","0.000000","0","-0.1042163","0.2292758","-0.1042163","0.000000","0.2292758","-0.1042163","0.3960218","0.000000","0.000000","-0.1042163","0.0625298","0.272728","-0.1042163","1","-0.1042163","-0.1042163","0.454546","0.0625298","-0.1042163","0.0625298","-0.1042163","0.000000","0.000000","0.000000","0.000000","0.000000","0.000000","0.000000","0","0.100000","0.000000","0","1","0","0.000000","0.000000","0.200000","0.000000","0.000000","0.000000","0.100000","0.000000","0","1"
"0.000000","0.0338275","0.454546","1","0.000000","0.000000","0","-0.0563791","-0.0563791","0.0338275","0.000000","-0.0563791","0.0338275","-0.0563791","0.000000","0.100000","0.0338275","0.1240341","0.090910","-0.0563791","0","-0.0563791","-0.0563791","0.090910","0.1240341","-0.0563791","0.0338275","0.0338275","0.111112","0.000000","0.100000","0.000000","0.100000","0.000000","0.000000","0","0.100000","0.000000","0","0","1","0.000000","0.000000","0.000000","0.111112","0.000000","0.000000","0.200000","0.000000","0","1"
"0.000000","0.1033228","0.454546","1","0.000000","0.000000","1","-0.0469649","-0.0469649","0.1033228","0.000000","-0.0469649","0.0281789","-0.0469649","0.000000","0.200000","0.0281789","-0.0469649","0.181819","-0.0469649","0","-0.0469649","-0.0469649","0.090910","0.0281789","0.1033228","0.0281789","-0.0469649","0.000000","0.000000","0.200000","0.000000","0.000000","0.000000","0.000000","0","0.100000","0.000000","0","0","0","0.000000","0.000000","0.000000","0.111112","0.000000","0.000000","0.100000","0.000000","1","1"
"0.000000","0.1586202","0.636364","1","0.000000","0.000000","1","-0.0721001","-0.0721001","0.1586202","0.000000","-0.0721001","-0.0721001","-0.0721001","0.100000","0.200000","-0.0721001","0.0432601","0.181819","0.0432601","0","-0.0721001","-0.0721001","0.090910","0.0432601","0.1586202","0.0432601","-0.0721001","0.000000","0.000000","0.200000","0.000000","0.000000","0.000000","0.000000","0","0.100000","0.000000","0","0","0","0.000000","0.000000","0.000000","0.000000","0.111112","0.000000","0.100000","0.111112","0","1"
"0.000000","-0.0992428","0.272728","0","0.000000","0.000000","0","-0.0992428","-0.0992428","-0.0992428","0.000000","-0.0992428","-0.0992428","-0.0992428","0.100000","0.000000","0.0595457","0.0595457","0.181819","0.0595457","0","0.2183341","-0.0992428","0.090910","0.2183341","-0.0992428","0.0595457","0.2183341","0.000000","0.111112","0.000000","0.000000","0.200000","0.000000","0.000000","0","0.100000","0.000000","0","0","1","0.000000","0.000000","0.000000","0.000000","0.000000","0.000000","0.200000","0.111112","0","1"
"0.000000","-0.0771820","0.272728","0","0.000000","0.000000","0","-0.0771820","-0.0771820","-0.0771820","0.000000","-0.0771820","0.0463092","-0.0771820","0.000000","0.000000","0.0463092","0.0463092","0.181819","-0.0771820","0","0.1698004","-0.0771820","0.090910","0.1698004","-0.0771820","0.0463092","0.1698004","0.000000","0.111112","0.000000","0.000000","0.200000","0.000000","0.000000","0","0.100000","0.000000","0","1","0","0.000000","0.000000","0.000000","0.000000","0.000000","0.000000","0.200000","0.000000","1","1"
"0.000000","0.1507760","0.545455","1","0.000000","0.000000","0","-0.0685346","-0.0685346","0.0411207","0.000000","-0.0685346","0.0411207","-0.0685346","0.100000","0.100000","-0.0685346","0.0411207","0.090910","0.0411207","0","-0.0685346","-0.0685346","0.181819","0.0411207","0.0411207","0.1507760","-0.0685346","0.000000","0.000000","0.200000","0.000000","0.000000","0.000000","0.000000","1","0.200000","0.000000","0","0","0","0.000000","0.000000","0.000000","0.111112","0.000000","0.000000","0.100000","0.111112","0","1"
"0.000000","-0.1485396","0.181819","0","0.000000","0.000000","1","-0.1485396","0.0891238","-0.1485396","0.000000","0.0891238","0.0891238","-0.1485396","0.200000","0.000000","0.3267872","0.0891238","0.090910","0.3267872","1","-0.1485396","-0.1485396","0.363637","-0.1485396","-0.1485396","0.0891238","0.0891238","0.000000","0.000000","0.000000","0.000000","0.100000","0.000000","0.000000","0","0.100000","0.000000","0","0","0","0.111112","0.000000","0.100000","0.000000","0.111112","0.000000","0.000000","0.000000","0","1"
"0.000000","-0.0961827","0.090910","0","0.000000","0.000000","0","-0.0961827","0.2116018","-0.0961827","0.000000","0.3654941","0.0577096","-0.0961827","0.100000","0.000000","-0.0961827","-0.0961827","0.181819","0.0577096","1","-0.0961827","-0.0961827","0.545455","-0.0961827","-0.0961827","0.0577096","0.2116018","0.000000","0.000000","0.000000","0.000000","0.200000","0.000000","0.000000","1","0.100000","0.000000","0","0","1","0.111112","0.000000","0.300000","0.000000","0.000000","0.111112","0.000000","0.000000","0","1"
"0.000000","-0.1097718","0.000000","0","0.000000","0.000000","0","-0.1097718","0.2414979","-0.1097718","0.000000","0.0658631","0.2414979","-0.1097718","0.000000","0.000000","0.0658631","-0.1097718","0.272728","-0.1097718","1","0.0658631","0.0658631","0.363637","-0.1097718","-0.1097718","-0.1097718","0.2414979","0.000000","0.000000","0.000000","0.000000","0.200000","0.000000","0.000000","1","0.000000","0.000000","0","0","0","0.000000","0.000000","0.100000","0.000000","0.000000","0.000000","0.000000","0.000000","0","1"
"0.100000","-0.1340277","0.000000","0","0.000000","0.000000","0","0.0804166","0.2948609","-0.1340277","0.000000","-0.1340277","0.0804166","0.2948609","0.000000","0.000000","0.0804166","-0.1340277","0.454546","-0.1340277","0","0.0804166","0.0804166","0.272728","-0.1340277","-0.1340277","-0.1340277","0.0804166","0.000000","0.000000","0.000000","0.000000","0.100000","0.000000","0.000000","1","0.000000","0.000000","0","0","0","0.000000","0.000000","0.000000","0.000000","0.000000","0.000000","0.000000","0.000000","0","1"
"0.100000","0.0787464","0.181819","0","0.000000","0.000000","0","0.0787464","0.2887369","-0.1312441","0.000000","-0.1312441","0.0787464","0.2887369","0.000000","0.000000","-0.1312441","-0.1312441","0.363637","-0.1312441","1","0.0787464","0.0787464","0.272728","-0.1312441","0.0787464","-0.1312441","-0.1312441","0.000000","0.000000","0.100000","0.000000","0.000000","0.000000","0.000000","0","0.000000","0.111112","0","1","0","0.000000","0.000000","0.000000","0.000000","0.000000","0.000000","0.000000","0.000000","0","1"
"0.100000","0.4293223","0.363637","0","0.000000","0.000000","0","0.0677877","0.2485550","-0.1129796","0.000000","-0.1129796","-0.1129796","0.2485550","0.000000","0.000000","-0.1129796","-0.1129796","0.363637","-0.1129796","1","0.0677877","-0.1129796","0.181819","-0.1129796","0.0677877","-0.1129796","-0.1129796","0.000000","0.000000","0.300000","0.000000","0.000000","0.000000","0.000000","0","0.000000","0.111112","0","1","0","0.000000","0.000000","0.000000","0.000000","0.000000","0.000000","0.000000","0.000000","1","1"
"0.100000","0.3789563","0.363637","0","0.000000","0.000000","0","0.0598352","0.2193957","-0.0997253","0.000000","-0.0997253","-0.0997253","0.2193957","0.000000","0.000000","-0.0997253","-0.0997253","0.363637","-0.0997253","0","-0.0997253","-0.0997253","0.181819","0.0598352","0.0598352","-0.0997253","-0.0997253","0.000000","0.000000","0.300000","0.000000","0.000000","0.000000","0.000000","1","0.000000","0.111112","1","0","0","0.000000","0.000000","0.000000","0.000000","0.000000","0.000000","0.100000","0.000000","1","1"
"0.000000","0.0438468","0.272728","1","0.000000","0.000000","0","-0.0730779","-0.0730779","0.0438468","0.000000","0.0438468","0.0438468","-0.0730779","0.000000","0.100000","0.1607715","0.0438468","0.090910","-0.0730779","0","-0.0730779","-0.0730779","0.181819","0.0438468","-0.0730779","0.0438468","0.0438468","0.000000","0.000000","0.100000","0.000000","0.100000","0.000000","0.000000","1","0.100000","0.000000","0","0","0","0.000000","0.000000","0.100000","0.000000","0.000000","0.000000","0.100000","0.000000","0","1"
"0.000000","-0.0711561","0.363637","1","0.000000","0.000000","0","-0.0711561","-0.0711561","0.0426937","0.000000","-0.0711561","0.0426937","-0.0711561","0.100000","0.100000","-0.0711561","0.2703933","0.090910","0.0426937","0","-0.0711561","0.0426937","0.181819","0.0426937","-0.0711561","0.0426937","0.0426937","0.111112","0.000000","0.000000","0.000000","0.100000","0.000000","0.000000","0","0.100000","0.000000","0","0","0","0.000000","0.000000","0.000000","0.000000","0.111112","0.000000","0.100000","0.000000","1","1"
"0.000000","-0.1149896","0.272728","0","0.000000","0.000000","0","-0.1149896","0.0689938","-0.1149896","0.000000","-0.1149896","0.0689938","-0.1149896","0.100000","0.000000","-0.1149896","0.0689938","0.181819","0.0689938","0","0.0689938","0.0689938","0.181819","0.2529771","0.0689938","-0.1149896","0.0689938","0.000000","0.000000","0.000000","0.000000","0.100000","0.000000","0.000000","1","0.000000","0.000000","0","0","1","0.000000","0.000000","0.000000","0.000000","0.111112","0.000000","0.200000","0.000000","0","1"
"0.000000","-0.1737928","0.272728","0","0.000000","0.000000","0","-0.1737928","0.1042757","-0.1737928","0.000000","-0.1737928","0.1042757","-0.1737928","0.100000","0.000000","-0.1737928","0.1042757","0.181819","0.1042757","1","0.1042757","0.1042757","0.272728","0.1042757","0.1042757","0.1042757","0.1042757","0.000000","0.000000","0.000000","0.000000","0.100000","0.000000","0.000000","0","0.100000","0.000000","0","0","0","0.000000","0.000000","0.000000","0.000000","0.111112","0.000000","0.100000","0.111112","0","1"
"0.000000","-0.0828245","0.363637","0","0.000000","0.000000","0","-0.0828245","-0.0828245","0.0496947","0.000000","-0.0828245","0.0496947","-0.0828245","0.100000","0.100000","0.0496947","-0.0828245","0.181819","0.0496947","0","0.0496947","-0.0828245","0.181819","0.0496947","0.0496947","0.1822140","0.0496947","0.000000","0.000000","0.000000","0.000000","0.100000","0.111112","0.000000","0","0.200000","0.000000","0","0","1","0.000000","0.000000","0.000000","0.000000","0.000000","0.000000","0.100000","0.111112","0","1"
"0.000000","-0.0579018","0.272728","1","0.000000","0.000000","0","-0.0579018","-0.0579018","0.0347411","0.000000","-0.0579018","0.1273840","-0.0579018","0.000000","0.100000","0.0347411","-0.0579018","0.181819","-0.0579018","0","0.0347411","-0.0579018","0.181819","0.1273840","0.0347411","0.0347411","0.0347411","0.000000","0.000000","0.000000","0.000000","0.100000","0.111112","0.000000","0","0.100000","0.000000","0","1","0","0.000000","0.000000","0.000000","0.000000","0.000000","0.000000","0.200000","0.000000","0","1"
"0.000000","-0.0720454","0.090910","0","0.000000","0.000000","0","-0.0720454","0.1584998","-0.0720454","0.000000","0.2737725","0.1584998","-0.0720454","0.000000","0.000000","-0.0720454","-0.0720454","0.181819","-0.0720454","1","-0.0720454","-0.0720454","0.454546","0.0432272","0.0432272","-0.0720454","0.0432272","0.000000","0.000000","0.000000","0.000000","0.100000","0.000000","0.000000","1","0.000000","0.000000","0","0","0","0.000000","0.000000","0.300000","0.000000","0.000000","0.000000","0.100000","0.000000","0","1"
"0.000000","-0.0585102","0.090910","0","0.000000","0.000000","0","-0.0585102","0.1287225","-0.0585102","0.000000","0.2223389","0.1287225","-0.0585102","0.000000","0.000000","-0.0585102","-0.0585102","0.181819","-0.0585102","1","-0.0585102","-0.0585102","0.545455","0.0351061","0.0351061","-0.0585102","0.0351061","0.000000","0.000000","0.000000","0.000000","0.100000","0.000000","0.000000","0","0.000000","0.000000","0","0","0","0.000000","0.000000","0.300000","0.000000","0.000000","0.000000","0.100000","0.000000","0","1"
"0.100000","-0.0973106","0.000000","0","0.000000","0.000000","0","0.0583864","0.2140833","-0.0973106","0.000000","0.2140833","0.0583864","0.0583864","0.000000","0.000000","0.0583864","-0.0973106","0.272728","-0.0973106","1","-0.0973106","0.0583864","0.454546","-0.0973106","-0.0973106","-0.0973106","0.0583864","0.000000","0.000000","0.000000","0.111112","0.100000","0.000000","0.000000","0","0.000000","0.000000","0","0","0","0.000000","0.000000","0.200000","0.000000","0.000000","0.000000","0.000000","0.000000","0","1"
"0.100000","-0.1279676","0.000000","0","0.000000","0.000000","0","0.0767806","0.2815288","-0.1279676","0.000000","0.0767806","0.0767806","0.0767806","0.000000","0.000000","0.0767806","-0.1279676","0.363637","-0.1279676","0","0.0767806","0.0767806","0.363637","-0.1279676","-0.1279676","-0.1279676","0.0767806","0.000000","0.111112","0.000000","0.111112","0.100000","0.000000","0.000000","1","0.000000","0.000000","1","0","0","0.000000","0.000000","0.100000","0.000000","0.000000","0.000000","0.000000","0.000000","0","1"
"0.100000","-0.1295450","0.090910","0","0.000000","0.000000","0","0.0777270","0.2849990","-0.1295450","0.000000","0.0777270","-0.1295450","0.0777270","0.000000","0.000000","-0.1295450","0.0777270","0.363637","-0.1295450","1","0.0777270","-0.1295450","0.272728","0.0777270","-0.1295450","-0.1295450","0.2849990","0.000000","0.111112","0.000000","0.111112","0.200000","0.000000","0.000000","1","0.000000","0.000000","0","0","0","0.000000","0.000000","0.100000","0.000000","0.000000","0.000000","0.100000","0.000000","0","1"
"0.100000","-0.1454024","0.090910","0","0.000000","0.000000","0","0.0872414","0.0872414","-0.1454024","0.000000","0.0872414","-0.1454024","0.0872414","0.000000","0.000000","-0.1454024","0.0872414","0.454546","-0.1454024","0","0.3198853","-0.1454024","0.181819","0.0872414","-0.1454024","-0.1454024","0.3198853","0.000000","0.111112","0.000000","0.000000","0.200000","0.000000","0.111112","0","0.000000","0.000000","0","1","0","0.000000","0.000000","0.100000","0.000000","0.000000","0.000000","0.100000","0.000000","1","1"
"0.100000","-0.0756752","0.181819","0","0.000000","0.000000","1","0.0454051","-0.0756752","-0.0756752","0.111112","-0.0756752","-0.0756752","-0.0756752","0.000000","0.000000","0.1664853","0.1664853","0.272728","-0.0756752","0","0.1664853","-0.0756752","0.000000","0.0454051","-0.0756752","-0.0756752","0.1664853","0.000000","0.000000","0.000000","0.000000","0.200000","0.000000","0.111112","0","0.000000","0.000000","0","0","0","0.000000","0.000000","0.000000","0.000000","0.000000","0.000000","0.100000","0.000000","0","1"
"0.100000","0.0426501","0.272728","0","0.000000","0.000000","0","0.0426501","-0.0710835","-0.0710835","0.111112","-0.0710835","-0.0710835","-0.0710835","0.000000","0.000000","0.1563838","0.1563838","0.272728","-0.0710835","0","0.0426501","-0.0710835","0.000000","0.0426501","-0.0710835","-0.0710835","0.1563838","0.000000","0.000000","0.100000","0.000000","0.200000","0.000000","0.111112","0","0.000000","0.000000","1","0","1","0.000000","0.000000","0.000000","0.000000","0.000000","0.000000","0.100000","0.000000","0","1"
"0.000000","-0.1570950","0.181819","0","0.000000","0.000000","1","-0.1570950","0.0942570","-0.1570950","0.000000","-0.1570950","0.0942570","-0.1570950","0.100000","0.000000","-0.1570950","0.0942570","0.272728","0.0942570","0","0.3456089","0.0942570","0.181819","0.0942570","0.0942570","-0.1570950","0.0942570","0.000000","0.111112","0.000000","0.000000","0.100000","0.000000","0.000000","0","0.000000","0.000000","0","0","0","0.000000","0.000000","0.000000","0.000000","0.000000","0.000000","0.100000","0.000000","0","1"
"0.100000","-0.2185752","0.181819","0","0.000000","0.000000","0","0.1311451","0.1311451","-0.2185752","0.000000","-0.2185752","-0.2185752","0.1311451","0.100000","0.000000","-0.2185752","0.1311451","0.363637","0.1311451","0","0.4808654","-0.2185752","0.181819","0.1311451","0.1311451","-0.2185752","0.1311451","0.000000","0.111112","0.000000","0.111112","0.100000","0.000000","0.000000","0","0.000000","0.000000","0","1","0","0.000000","0.000000","0.000000","0.000000","0.000000","0.000000","0.100000","0.000000","0","1"
"0.100000","-0.2170726","0.090910","0","0.000000","0.000000","1","0.1302436","0.4775598","-0.2170726","0.000000","-0.2170726","-0.2170726","0.4775598","0.100000","0.000000","-0.2170726","-0.2170726","0.454546","0.1302436","1","0.1302436","0.1302436","0.272728","-0.2170726","0.1302436","-0.2170726","0.1302436","0.000000","0.111112","0.000000","0.111112","0.100000","0.000000","0.000000","0","0.000000","0.000000","0","0","0","0.000000","0.000000","0.000000","0.000000","0.000000","0.000000","0.000000","0.000000","0","1"
"0.100000","-0.1976709","0.090910","0","0.000000","0.000000","0","0.1186025","0.4348759","-0.1976709","0.000000","-0.1976709","-0.1976709","0.4348759","0.100000","0.000000","-0.1976709","-0.1976709","0.454546","0.1186025","0","0.4348759","0.1186025","0.272728","-0.1976709","0.1186025","-0.1976709","-0.1976709","0.000000","0.000000","0.000000","0.111112","0.000000","0.000000","0.000000","1","0.000000","0.000000","1","0","1","0.000000","0.000000","0.000000","0.000000","0.000000","0.000000","0.000000","0.000000","0","1"
"0.100000","-0.1778486","0.090910","0","0.000000","0.000000","0","0.1067091","0.3912669","-0.1778486","0.000000","-0.1778486","-0.1778486","0.3912669","0.100000","0.000000","0.1067091","-0.1778486","0.363637","0.1067091","1","0.1067091","0.1067091","0.272728","-0.1778486","-0.1778486","-0.1778486","0.1067091","0.000000","0.000000","0.000000","0.111112","0.100000","0.000000","0.000000","0","0.000000","0.000000","0","1","0","0.000000","0.000000","0.000000","0.000000","0.000000","0.000000","0.000000","0.000000","0","1"
"0.000000","-0.1096965","0.090910","0","0.000000","0.000000","0","-0.1096965","0.0658179","0.0658179","0.000000","-0.1096965","0.0658179","0.2413323","0.000000","0.100000","0.0658179","-0.1096965","0.363637","-0.1096965","0","0.0658179","0.0658179","0.272728","-0.1096965","-0.1096965","0.0658179","0.0658179","0.000000","0.000000","0.000000","0.000000","0.100000","0.000000","0.000000","1","0.100000","0.000000","0","0","0","0.000000","0.000000","0.000000","0.000000","0.000000","0.000000","0.000000","0.000000","0","1"
"0.000000","-0.0650916","0.090910","1","0.000000","0.000000","0","-0.0650916","-0.0650916","0.0390549","0.000000","0.0390549","0.1432014","-0.0650916","0.000000","0.100000","0.1432014","-0.0650916","0.181819","-0.0650916","0","-0.0650916","0.0390549","0.272728","-0.0650916","-0.0650916","0.0390549","0.1432014","0.000000","0.000000","0.000000","0.000000","0.200000","0.000000","0.000000","1","0.100000","0.000000","0","0","0","0.000000","0.000000","0.100000","0.000000","0.000000","0.000000","0.000000","0.000000","0","1"
"0.100000","-0.0793374","0.090910","0","0.000000","0.000000","0","0.0476024","0.0476024","0.0476024","0.111112","0.0476024","0.0476024","-0.0793374","0.000000","0.100000","0.0476024","0.0476024","0.272728","-0.0793374","1","-0.0793374","0.0476024","0.272728","-0.0793374","-0.0793374","-0.0793374","0.1745422","0.111112","0.000000","0.000000","0.000000","0.200000","0.000000","0.000000","0","0.000000","0.000000","0","0","0","0.000000","0.000000","0.100000","0.000000","0.000000","0.000000","0.000000","0.000000","0","1"
"0.100000","-0.0621696","0.090910","0","0.000000","0.000000","0","0.0373018","0.0373018","0.0373018","0.111112","-0.0621696","0.0373018","-0.0621696","0.000000","0.100000","0.1367732","0.0373018","0.272728","-0.0621696","0","-0.0621696","0.0373018","0.181819","-0.0621696","-0.0621696","-0.0621696","0.1367732","0.111112","0.000000","0.000000","0.000000","0.200000","0.000000","0.000000","1","0.000000","0.000000","1","0","0","0.000000","0.000000","0.000000","0.000000","0.000000","0.000000","0.000000","0.000000","1","1"
"0.100000","-0.1120267","0.181819","1","0.000000","0.000000","0","0.0672160","0.0672160","0.0672160","0.111112","-0.1120267","-0.1120267","0.0672160","0.000000","0.100000","0.0672160","0.0672160","0.363637","-0.1120267","0","0.0672160","-0.1120267","0.181819","-0.1120267","-0.1120267","0.0672160","0.2464588","0.111112","0.000000","0.000000","0.000000","0.200000","0.000000","0.000000","0","0.100000","0.000000","0","0","0","0.000000","0.000000","0.000000","0.000000","0.000000","0.000000","0.000000","0.000000","0","1"
"0.000000","-0.1316189","0.181819","0","0.000000","0.000000","0","-0.1316189","0.0789713","0.0789713","0.000000","-0.1316189","-0.1316189","0.0789713","0.100000","0.100000","0.0789713","0.0789713","0.272728","0.0789713","0","0.0789713","-0.1316189","0.181819","-0.1316189","-0.1316189","0.0789713","0.2895616","0.111112","0.000000","0.000000","0.000000","0.200000","0.000000","0.000000","0","0.100000","0.000000","0","0","0","0.111112","0.000000","0.000000","0.000000","0.000000","0.000000","0.000000","0.000000","1","1"
"0.000000","-0.1646095","0.090910","0","0.000000","0.000000","1","-0.1646095","0.0987657","-0.1646095","0.000000","-0.1646095","0.3621409","0.0987657","0.100000","0.000000","0.0987657","-0.1646095","0.181819","0.0987657","1","0.0987657","0.0987657","0.363637","-0.1646095","-0.1646095","0.0987657","0.0987657","0.000000","0.000000","0.000000","0.000000","0.100000","0.000000","0.000000","0","0.100000","0.000000","0","0","0","0.111112","0.000000","0.000000","0.000000","0.000000","0.000000","0.000000","0.000000","0","1"
"0.000000","0.0548163","0.181819","0","0.000000","0.000000","0","-0.0913605","0.0548163","-0.0913605","0.000000","0.2009931","0.2009931","-0.0913605","0.100000","0.000000","-0.0913605","0.0548163","0.090910","0.0548163","1","-0.0913605","0.0548163","0.454546","-0.0913605","-0.0913605","-0.0913605","0.0548163","0.000000","0.000000","0.100000","0.000000","0.100000","0.000000","0.000000","1","0.000000","0.000000","0","0","0","0.000000","0.111112","0.200000","0.000000","0.000000","0.111112","0.000000","0.000000","1","1"
"0.000000","0.0673101","0.272728","0","0.000000","0.000000","0","-0.1121835","0.0673101","-0.1121835","0.000000","0.2468038","0.0673101","0.0673101","0.100000","0.000000","-0.1121835","0.0673101","0.090910","0.0673101","1","-0.1121835","-0.1121835","0.454546","0.0673101","-0.1121835","0.0673101","-0.1121835","0.000000","0.000000","0.100000","0.000000","0.000000","0.000000","0.000000","1","0.100000","0.000000","0","0","1","0.000000","0.111112","0.200000","0.000000","0.000000","0.111112","0.100000","0.000000","1","1"
"0.000000","0.0768842","0.272728","0","0.000000","0.000000","1","-0.1281403","0.2819086","-0.1281403","0.000000","0.0768842","0.0768842","0.0768842","0.200000","0.000000","-0.1281403","-0.1281403","0.181819","0.2819086","1","-0.1281403","0.0768842","0.454546","-0.1281403","-0.1281403","0.0768842","-0.1281403","0.000000","0.000000","0.100000","0.000000","0.000000","0.000000","0.000000","0","0.100000","0.000000","0","0","0","0.111112","0.111112","0.100000","0.000000","0.000000","0.000000","0.000000","0.111112","0","1"
"0.000000","-0.0925911","0.090910","0","0.000000","0.000000","0","-0.0925911","0.0555547","0.0555547","0.000000","0.0555547","0.0555547","0.2037005","0.000000","0.100000","0.0555547","-0.0925911","0.272728","-0.0925911","1","-0.0925911","0.0555547","0.363637","-0.0925911","-0.0925911","0.0555547","0.0555547","0.000000","0.000000","0.000000","0.000000","0.100000","0.000000","0.000000","0","0.100000","0.000000","0","0","0","0.000000","0.000000","0.100000","0.000000","0.000000","0.000000","0.000000","0.000000","1","1"
"0.000000","-0.0909716","0.181819","1","0.000000","0.000000","0","-0.0909716","0.0545829","0.0545829","0.000000","-0.0909716","0.0545829","0.0545829","0.000000","0.100000","0.2001375","-0.0909716","0.272728","-0.0909716","0","0.0545829","-0.0909716","0.181819","-0.0909716","0.0545829","0.0545829","0.0545829","0.000000","0.000000","0.000000","0.000000","0.100000","0.000000","0.000000","1","0.100000","0.000000","0","0","0","0.000000","0.000000","0.000000","0.000000","0.000000","0.000000","0.000000","0.000000","0","1"
"0.000000","-0.0475053","0.272728","0","0.000000","0.000000","0","-0.0475053","-0.0475053","0.1805202","0.000000","-0.0475053","-0.0475053","0.0285032","0.000000","0.300000","0.1045117","-0.0475053","0.363637","-0.0475053","0","0.0285032","-0.0475053","0.090910","-0.0475053","0.0285032","0.0285032","0.0285032","0.000000","0.000000","0.000000","0.000000","0.100000","0.111112","0.000000","0","0.100000","0.000000","0","0","0","0.000000","0.000000","0.000000","0.000000","0.000000","0.000000","0.000000","0.000000","0","1"
"0.000000","-0.0587022","0.181819","1","0.000000","0.000000","0","-0.0587022","-0.0587022","0.1291449","0.000000","-0.0587022","0.0352213","0.0352213","0.000000","0.200000","0.1291449","-0.0587022","0.272728","-0.0587022","0","0.0352213","-0.0587022","0.181819","-0.0587022","0.0352213","0.0352213","0.0352213","0.000000","0.000000","0.000000","0.000000","0.100000","0.111112","0.000000","0","0.100000","0.000000","0","1","0","0.000000","0.000000","0.000000","0.000000","0.000000","0.000000","0.000000","0.000000","1","1"
"0.000000","-0.0575443","0.181819","1","0.000000","0.000000","0","-0.0575443","-0.0575443","0.1265975","0.000000","0.1265975","0.0345266","0.0345266","0.000000","0.200000","-0.0575443","-0.0575443","0.272728","-0.0575443","0","-0.0575443","0.0345266","0.363637","-0.0575443","0.0345266","0.0345266","0.0345266","0.000000","0.000000","0.000000","0.000000","0.100000","0.111112","0.000000","1","0.100000","0.000000","0","0","0","0.000000","0.000000","0.200000","0.000000","0.000000","0.000000","0.000000","0.000000","0","1"
"0.000000","-0.1014087","0.000000","0","0.000000","0.000000","0","-0.1014087","0.3853532","-0.1014087","0.000000","0.2230992","0.2230992","0.0608452","0.000000","0.000000","-0.1014087","-0.1014087","0.272728","-0.1014087","1","-0.1014087","0.0608452","0.545455","-0.1014087","-0.1014087","-0.1014087","0.0608452","0.000000","0.000000","0.000000","0.000000","0.100000","0.000000","0.000000","0","0.000000","0.000000","0","0","0","0.000000","0.000000","0.200000","0.000000","0.000000","0.000000","0.000000","0.000000","0","1"
"0.000000","-0.0916900","0.000000","0","0.000000","0.000000","0","-0.0916900","0.3484221","-0.0916900","0.000000","0.2017181","0.2017181","0.2017181","0.000000","0.000000","-0.0916900","-0.0916900","0.272728","-0.0916900","1","-0.0916900","-0.0916900","0.545455","-0.0916900","-0.0916900","-0.0916900","0.0550140","0.000000","0.000000","0.000000","0.000000","0.100000","0.000000","0.000000","0","0.000000","0.000000","0","0","0","0.000000","0.000000","0.200000","0.000000","0.000000","0.000000","0.000000","0.000000","0","1"
"0.000000","-0.1147206","0.090910","0","0.000000","0.000000","0","-0.1147206","0.2523854","-0.1147206","0.000000","0.4359384","0.0688324","0.2523854","0.000000","0.000000","-0.1147206","-0.1147206","0.272728","-0.1147206","1","-0.1147206","-0.1147206","0.545455","-0.1147206","-0.1147206","0.0688324","0.0688324","0.000000","0.000000","0.000000","0.000000","0.100000","0.000000","0.000000","0","0.100000","0.000000","0","1","0","0.000000","0.000000","0.300000","0.000000","0.000000","0.000000","0.000000","0.000000","0","1"
"0.100000","-0.0368487","0.181819","1","0.111112","0.000000","0","0.0221092","-0.0368487","0.0221092","0.111112","0.1989829","0.0221092","-0.0368487","0.000000","0.100000","-0.0368487","-0.0368487","0.181819","-0.0368487","0","-0.0368487","-0.0368487","0.545455","-0.0368487","-0.0368487","0.0810671","0.0221092","0.000000","0.000000","0.000000","0.000000","0.100000","0.000000","0.000000","1","0.200000","0.000000","0","0","0","0.000000","0.000000","0.400000","0.000000","0.000000","0.000000","0.000000","0.000000","0","1"
"0.100000","-0.0412966","0.181819","0","0.111112","0.000000","1","0.0247779","-0.0412966","0.0908524","0.111112","0.1569269","0.0247779","-0.0412966","0.000000","0.200000","-0.0412966","-0.0412966","0.272728","-0.0412966","0","-0.0412966","-0.0412966","0.454546","-0.0412966","-0.0412966","0.0908524","0.0247779","0.000000","0.000000","0.000000","0.000000","0.100000","0.000000","0.000000","0","0.200000","0.000000","1","0","0","0.000000","0.000000","0.300000","0.000000","0.000000","0.000000","0.000000","0.000000","0","1"
"0.000000","-0.0942682","0.181819","1","0.000000","0.000000","0","-0.0942682","-0.0942682","0.0565609","0.000000","0.0565609","0.0565609","0.0565609","0.000000","0.100000","-0.0942682","-0.0942682","0.272728","-0.0942682","0","0.0565609","0.0565609","0.272728","0.0565609","0.0565609","0.0565609","0.0565609","0.000000","0.000000","0.000000","0.000000","0.100000","0.000000","0.000000","1","0.100000","0.000000","0","0","0","0.000000","0.000000","0.100000","0.000000","0.000000","0.000000","0.100000","0.000000","0","1"
"0.000000","0.0612242","0.363637","0","0.000000","0.000000","1","-0.1020403","-0.1020403","0.0612242","0.000000","-0.1020403","-0.1020403","0.0612242","0.000000","0.100000","0.0612242","0.0612242","0.181819","-0.1020403","0","0.0612242","0.0612242","0.181819","0.0612242","0.0612242","0.0612242","-0.1020403","0.000000","0.000000","0.100000","0.000000","0.000000","0.000000","0.000000","0","0.100000","0.000000","0","0","0","0.000000","0.000000","0.000000","0.000000","0.000000","0.000000","0.100000","0.000000","0","1"
"0.000000","-0.0802893","0.181819","1","0.000000","0.000000","0","-0.0802893","-0.0802893","0.0481736","0.000000","0.1766365","0.0481736","0.0481736","0.100000","0.100000","0.1766365","-0.0802893","0.090910","0.0481736","0","-0.0802893","0.0481736","0.454546","-0.0802893","-0.0802893","0.0481736","-0.0802893","0.000000","0.000000","0.000000","0.000000","0.000000","0.000000","0.000000","1","0.100000","0.000000","0","0","0","0.000000","0.000000","0.200000","0.000000","0.000000","0.111112","0.000000","0.000000","0","1"
"0.100000","-0.0802963","0.181819","0","0.000000","0.000000","0","0.0481778","0.0481778","-0.0802963","0.111112","0.1766518","-0.0802963","-0.0802963","0.100000","0.000000","0.0481778","0.1766518","0.181819","0.0481778","1","-0.0802963","-0.0802963","0.272728","0.0481778","-0.0802963","-0.0802963","0.0481778","0.000000","0.000000","0.000000","0.000000","0.100000","0.000000","0.000000","1","0.000000","0.000000","0","0","0","0.000000","0.000000","0.200000","0.000000","0.111112","0.111112","0.100000","0.000000","0","1"
"0.100000","-0.0785564","0.272728","0","0.000000","0.000000","0","0.0471338","0.0471338","-0.0785564","0.111112","0.1728241","-0.0785564","-0.0785564","0.100000","0.000000","0.0471338","0.1728241","0.181819","0.0471338","0","-0.0785564","-0.0785564","0.272728","0.0471338","-0.0785564","-0.0785564","0.0471338","0.000000","0.000000","0.000000","0.000000","0.100000","0.000000","0.000000","1","0.000000","0.000000","1","0","0","0.000000","0.000000","0.200000","0.000000","0.000000","0.111112","0.100000","0.000000","1","1"
"0.000000","-0.0930323","0.000000","0","0.000000","0.000000","0","-0.0930323","0.3535226","-0.0930323","0.000000","0.0558194","0.3535226","0.0558194","0.000000","0.000000","-0.0930323","-0.0930323","0.272728","-0.0930323","1","-0.0930323","0.0558194","0.454546","-0.0930323","-0.0930323","-0.0930323","0.0558194","0.000000","0.000000","0.000000","0.000000","0.100000","0.000000","0.000000","1","0.000000","0.000000","0","0","0","0.000000","0.000000","0.100000","0.000000","0.000000","0.000000","0.000000","0.000000","0","1"
"0.000000","-0.1365247","0.090910","0","0.000000","0.000000","0","-0.1365247","0.5187940","-0.1365247","0.000000","0.0819148","0.0819148","0.3003544","0.000000","0.000000","-0.1365247","0.0819148","0.272728","-0.1365247","1","-0.1365247","0.0819148","0.454546","-0.1365247","-0.1365247","-0.1365247","0.0819148","0.000000","0.000000","0.000000","0.000000","0.100000","0.000000","0.000000","0","0.000000","0.000000","0","0","0","0.000000","0.000000","0.100000","0.000000","0.000000","0.000000","0.000000","0.000000","0","1"
"0.000000","-0.1933681","0.090910","0","0.000000","0.000000","0","-0.1933681","0.4254098","-0.1933681","0.000000","0.1160209","0.1160209","0.4254098","0.100000","0.000000","-0.1933681","0.1160209","0.272728","0.1160209","1","-0.1933681","0.1160209","0.454546","-0.1933681","-0.1933681","-0.1933681","0.1160209","0.000000","0.000000","0.000000","0.000000","0.100000","0.000000","0.000000","0","0.000000","0.000000","0","1","0","0.000000","0.000000","0.100000","0.000000","0.111112","0.111112","0.000000","0.000000","0","1"
"0.000000","-0.1902271","0.090910","0","0.000000","0.000000","0","-0.1902271","0.1141362","-0.1902271","0.000000","0.4184995","-0.1902271","0.1141362","0.100000","0.000000","0.1141362","0.1141362","0.181819","0.1141362","0","0.1141362","0.1141362","0.363637","-0.1902271","-0.1902271","-0.1902271","0.1141362","0.000000","0.000000","0.000000","0.000000","0.100000","0.000000","0.000000","1","0.000000","0.000000","0","0","0","0.000000","0.000000","0.200000","0.000000","0.111112","0.111112","0.000000","0.000000","0","1"
"0.000000","-0.1479074","0.090910","0","0.000000","0.000000","0","-0.1479074","0.0887445","-0.1479074","0.000000","0.0887445","0.0887445","0.0887445","0.000000","0.000000","0.0887445","0.0887445","0.181819","-0.1479074","1","0.0887445","0.0887445","0.363637","0.0887445","-0.1479074","-0.1479074","0.0887445","0.000000","0.000000","0.000000","0.000000","0.100000","0.000000","0.000000","1","0.000000","0.000000","0","0","0","0.000000","0.000000","0.100000","0.000000","0.000000","0.000000","0.100000","0.000000","0","1"
"0.000000","-0.0617746","0.090910","0","0.000000","0.000000","0","-0.0617746","0.0370648","0.0370648","0.000000","0.2347435","0.0370648","0.1359041","0.000000","0.100000","-0.0617746","-0.0617746","0.181819","-0.0617746","1","-0.0617746","0.0370648","0.636364","-0.0617746","-0.0617746","0.0370648","-0.0617746","0.000000","0.000000","0.000000","0.000000","0.000000","0.000000","0.000000","1","0.100000","0.000000","0","0","0","0.000000","0.000000","0.300000","0.000000","0.000000","0.000000","0.000000","0.000000","1","1"
"0.000000","-0.0560864","0.272728","1","0.000000","0.000000","0","-0.0560864","0.0336518","0.1233900","0.000000","0.1233900","-0.0560864","0.1233900","0.000000","0.200000","-0.0560864","-0.0560864","0.272728","-0.0560864","0","-0.0560864","-0.0560864","0.454546","-0.0560864","0.0336518","0.1233900","-0.0560864","0.000000","0.000000","0.000000","0.000000","0.000000","0.000000","0.000000","1","0.200000","0.000000","0","0","0","0.000000","0.000000","0.200000","0.000000","0.000000","0.000000","0.000000","0.000000","0","1"
"0.000000","-0.0621753","0.363637","1","0.000000","0.000000","0","-0.0621753","-0.0621753","0.1367858","0.000000","0.0373052","0.0373052","0.0373052","0.100000","0.200000","-0.0621753","-0.0621753","0.181819","0.0373052","0","-0.0621753","-0.0621753","0.363637","0.0373052","0.0373052","0.1367858","-0.0621753","0.000000","0.000000","0.000000","0.000000","0.000000","0.000000","0.000000","1","0.200000","0.000000","0","0","0","0.111112","0.000000","0.100000","0.000000","0.000000","0.000000","0.100000","0.000000","0","1"
"0.000000","-0.0934958","0.181819","1","0.000000","0.000000","0","-0.0934958","-0.0934958","0.0560975","0.000000","0.2056908","-0.0934958","0.0560975","0.100000","0.100000","-0.0934958","0.0560975","0.181819","0.0560975","0","0.0560975","0.2056908","0.454546","-0.0934958","-0.0934958","0.0560975","-0.0934958","0.111112","0.000000","0.000000","0.000000","0.000000","0.000000","0.000000","0","0.100000","0.000000","0","0","0","0.111112","0.000000","0.200000","0.000000","0.000000","0.000000","0.000000","0.000000","0","1"
"0.100000","-0.0957672","0.000000","0","0.000000","0.000000","0","0.0574603","0.2106878","-0.0957672","0.000000","0.2106878","-0.0957672","0.3639153","0.000000","0.000000","-0.0957672","-0.0957672","0.454546","-0.0957672","0","0.0574603","0.0574603","0.454546","-0.0957672","-0.0957672","-0.0957672","-0.0957672","0.000000","0.000000","0.000000","0.111112","0.000000","0.000000","0.111112","1","0.000000","0.000000","0","0","0","0.000000","0.000000","0.200000","0.000000","0.000000","0.000000","0.000000","0.000000","0","1"
"0.100000","-0.1204046","0.000000","0","0.000000","0.000000","0","0.0722427","0.2648900","-0.1204046","0.000000","0.2648900","-0.1204046","0.2648900","0.000000","0.000000","-0.1204046","-0.1204046","0.363637","-0.1204046","0","0.0722427","0.0722427","0.454546","-0.1204046","-0.1204046","-0.1204046","0.0722427","0.000000","0.000000","0.000000","0.111112","0.100000","0.000000","0.111112","0","0.000000","0.000000","1","0","0","0.000000","0.000000","0.200000","0.000000","0.000000","0.000000","0.000000","0.000000","0","1"
"0.100000","-0.1728300","0.000000","0","0.000000","0.000000","0","0.1036980","0.3802260","-0.1728300","0.000000","-0.1728300","-0.1728300","0.6567541","0.000000","0.000000","-0.1728300","-0.1728300","0.454546","-0.1728300","1","0.3802260","0.1036980","0.363637","-0.1728300","-0.1728300","-0.1728300","0.1036980","0.000000","0.111112","0.000000","0.111112","0.100000","0.000000","0.111112","0","0.000000","0.000000","0","1","0","0.000000","0.000000","0.000000","0.000000","0.000000","0.000000","0.000000","0.000000","0","1"
"0.100000","-0.1489492","0.000000","0","0.000000","0.000000","0","0.0893695","0.3276882","-0.1489492","0.000000","0.0893695","-0.1489492","0.5660069","0.000000","0.000000","-0.1489492","-0.1489492","0.454546","-0.1489492","1","0.0893695","0.0893695","0.363637","-0.1489492","-0.1489492","-0.1489492","0.0893695","0.000000","0.111112","0.000000","0.111112","0.100000","0.000000","0.000000","0","0.000000","0.000000","0","1","0","0.000000","0.000000","0.100000","0.000000","0.000000","0.000000","0.000000","0.000000","0","1"
"0.000000","-0.1483463","0.000000","0","0.000000","0.000000","0","-0.1483463","0.3263618","-0.1483463","0.000000","0.0890078","0.0890078","0.3263618","0.000000","0.000000","0.0890078","-0.1483463","0.272728","-0.1483463","0","0.0890078","0.0890078","0.454546","-0.1483463","-0.1483463","-0.1483463","0.0890078","0.000000","0.111112","0.000000","0.000000","0.100000","0.000000","0.000000","0","0.000000","0.000000","0","1","0","0.000000","0.000000","0.100000","0.000000","0.000000","0.000000","0.000000","0.000000","0","1"
"0.100000","-0.0880729","0.000000","0","0.000000","0.000000","0","0.0528437","0.0528437","-0.0880729","0.000000","0.0528437","0.1937603","0.0528437","0.000000","0.000000","0.1937603","-0.0880729","0.181819","-0.0880729","1","-0.0880729","0.1937603","0.454546","-0.0880729","-0.0880729","-0.0880729","-0.0880729","0.000000","0.000000","0.000000","0.111112","0.000000","0.000000","0.000000","1","0.000000","0.000000","0","0","0","0.000000","0.000000","0.100000","0.000000","0.000000","0.000000","0.000000","0.000000","0","1"
"0.100000","-0.0882165","0.000000","0","0.000000","0.000000","0","0.0529299","0.0529299","-0.0882165","0.000000","0.0529299","0.1940763","0.0529299","0.000000","0.000000","0.1940763","-0.0882165","0.181819","-0.0882165","0","-0.0882165","0.1940763","0.363637","-0.0882165","-0.0882165","-0.0882165","-0.0882165","0.000000","0.000000","0.000000","0.111112","0.000000","0.000000","0.000000","1","0.000000","0.000000","1","0","0","0.000000","0.000000","0.100000","0.000000","0.000000","0.000000","0.000000","0.000000","0","1"
"0.100000","-0.0824251","0.090910","0","0.000000","0.000000","0","0.0494550","0.0494550","-0.0824251","0.111112","0.0494550","-0.0824251","-0.0824251","0.100000","0.000000","0.3132153","0.0494550","0.272728","0.0494550","1","0.0494550","-0.0824251","0.181819","-0.0824251","-0.0824251","-0.0824251","0.0494550","0.000000","0.000000","0.000000","0.000000","0.100000","0.000000","0.000000","1","0.000000","0.000000","0","0","1","0.000000","0.000000","0.100000","0.000000","0.111112","0.111112","0.000000","0.000000","0","1"
"0.100000","-0.1215203","0.090910","0","0.000000","0.000000","0","0.0729122","0.0729122","-0.1215203","0.111112","0.0729122","-0.1215203","0.0729122","0.100000","0.000000","0.2673447","0.0729122","0.272728","0.0729122","0","0.0729122","-0.1215203","0.272728","-0.1215203","-0.1215203","-0.1215203","0.0729122","0.000000","0.000000","0.000000","0.000000","0.100000","0.000000","0.000000","1","0.000000","0.000000","1","0","0","0.000000","0.000000","0.100000","0.000000","0.111112","0.111112","0.000000","0.000000","0","1"
"0.100000","-0.0962689","0.000000","0","0.000000","0.000000","0","0.0577613","0.0577613","-0.0962689","0.111112","0.2117916","-0.0962689","0.2117916","0.000000","0.000000","0.2117916","-0.0962689","0.363637","-0.0962689","0","0.0577613","-0.0962689","0.363637","-0.0962689","-0.0962689","-0.0962689","0.0577613","0.000000","0.000000","0.000000","0.000000","0.100000","0.000000","0.000000","0","0.000000","0.000000","0","0","0","0.000000","0.000000","0.200000","0.000000","0.000000","0.000000","0.000000","0.000000","0","1"
"0.000000","-0.1775756","0.090910","0","0.000000","0.000000","0","-0.1775756","0.1065454","-0.1775756","0.000000","0.3906662","-0.1775756","0.3906662","0.000000","0.000000","0.3906662","0.1065454","0.181819","-0.1775756","1","0.1065454","0.1065454","0.363637","-0.1775756","-0.1775756","-0.1775756","-0.1775756","0.000000","0.000000","0.000000","0.000000","0.000000","0.000000","0.000000","1","0.000000","0.000000","0","0","0","0.000000","0.000000","0.200000","0.000000","0.000000","0.000000","0.000000","0.000000","0","1"
"0.100000","-0.0822659","0.090910","1","0.000000","0.000000","0","0.0493596","0.0493596","0.0493596","0.000000","0.1809851","0.0493596","-0.0822659","0.000000","0.100000","0.0493596","0.0493596","0.272728","-0.0822659","0","-0.0822659","0.0493596","0.363637","-0.0822659","-0.0822659","-0.0822659","0.0493596","0.111112","0.000000","0.000000","0.000000","0.100000","0.000000","0.000000","0","0.000000","0.000000","0","0","0","0.000000","0.000000","0.200000","0.000000","0.000000","0.000000","0.000000","0.000000","0","1"
"0.100000","-0.0743194","0.090910","0","0.000000","0.000000","0","0.0445916","0.0445916","0.0445916","0.111112","0.0445916","0.1635026","-0.0743194","0.000000","0.100000","0.0445916","-0.0743194","0.272728","-0.0743194","1","-0.0743194","0.0445916","0.272728","-0.0743194","-0.0743194","-0.0743194","0.1635026","0.000000","0.000000","0.000000","0.000000","0.200000","0.000000","0.000000","1","0.000000","0.000000","0","0","0","0.000000","0.000000","0.100000","0.000000","0.000000","0.000000","0.000000","0.000000","0","1"
"0.100000","-0.0749808","0.000000","0","0.000000","0.000000","0","0.0449885","0.0449885","-0.0749808","0.111112","0.0449885","0.1649578","-0.0749808","0.000000","0.000000","0.1649578","-0.0749808","0.272728","-0.0749808","0","-0.0749808","0.0449885","0.272728","-0.0749808","-0.0749808","-0.0749808","0.1649578","0.000000","0.000000","0.000000","0.000000","0.200000","0.000000","0.000000","1","0.000000","0.000000","1","0","0","0.000000","0.000000","0.100000","0.000000","0.000000","0.000000","0.000000","0.000000","0","1"
"0.000000","-0.0683401","0.090910","0","0.000000","0.000000","0","-0.0683401","0.0410041","0.0410041","0.000000","-0.0683401","0.1503482","-0.0683401","0.000000","0.100000","0.1503482","-0.0683401","0.181819","-0.0683401","1","-0.0683401","0.0410041","0.272728","-0.0683401","-0.0683401","0.0410041","0.1503482","0.000000","0.000000","0.000000","0.000000","0.200000","0.000000","0.000000","0","0.100000","0.000000","0","0","0","0.000000","0.000000","0.000000","0.000000","0.000000","0.000000","0.000000","0.000000","0","1"
"0.000000","-0.1030233","0.090910","1","0.000000","0.000000","0","-0.1030233","0.0618140","0.0618140","0.000000","-0.1030233","0.0618140","0.0618140","0.000000","0.100000","0.0618140","-0.1030233","0.272728","-0.1030233","0","0.0618140","0.0618140","0.272728","-0.1030233","-0.1030233","0.0618140","0.2266512","0.000000","0.111112","0.000000","0.000000","0.200000","0.000000","0.000000","1","0.100000","0.000000","0","0","0","0.000000","0.000000","0.000000","0.000000","0.000000","0.000000","0.000000","0.000000","0","1"
"0.000000","-0.0874370","0.181819","0","0.000000","0.000000","0","-0.0874370","-0.0874370","0.0524622","0.000000","-0.0874370","0.0524622","0.0524622","0.000000","0.100000","0.1923613","0.0524622","0.181819","-0.0874370","0","0.0524622","0.0524622","0.181819","-0.0874370","-0.0874370","0.0524622","0.0524622","0.000000","0.111112","0.000000","0.000000","0.100000","0.000000","0.000000","0","0.100000","0.000000","0","1","1","0.000000","0.000000","0.000000","0.000000","0.000000","0.000000","0.000000","0.000000","0","1"
"0.000000","-0.1403479","0.181819","0","0.000000","0.000000","0","-0.1403479","0.0842087","-0.1403479","0.000000","0.5333219","-0.1403479","0.0842087","0.200000","0.000000","-0.1403479","0.0842087","0.090910","0.3087653","1","-0.1403479","0.0842087","0.545455","-0.1403479","-0.1403479","0.0842087","-0.1403479","0.000000","0.000000","0.000000","0.000000","0.000000","0.000000","0.000000","1","0.100000","0.000000","0","0","0","0.111112","0.000000","0.300000","0.000000","0.111112","0.111112","0.000000","0.000000","0","1"
"0.000000","0.0740669","0.181819","0","0.000000","0.000000","0","-0.1234448","-0.1234448","-0.1234448","0.000000","0.0740669","0.0740669","-0.1234448","0.100000","0.000000","0.2715786","-0.1234448","0.090910","0.0740669","0","0.0740669","0.0740669","0.363637","-0.1234448","-0.1234448","0.0740669","0.0740669","0.000000","0.000000","0.100000","0.000000","0.100000","0.000000","0.000000","0","0.100000","0.000000","0","0","0","0.000000","0.111112","0.100000","0.111112","0.000000","0.000000","0.000000","0.000000","0","1"
"0.000000","-0.1325807","0.090910","0","0.000000","0.000000","1","-0.1325807","0.2916774","-0.1325807","0.000000","0.2916774","0.0795484","0.2916774","0.100000","0.000000","-0.1325807","-0.1325807","0.181819","0.0795484","1","-0.1325807","0.0795484","0.636364","-0.1325807","-0.1325807","0.0795484","-0.1325807","0.000000","0.000000","0.000000","0.000000","0.000000","0.000000","0.000000","0","0.100000","0.000000","0","0","0","0.111112","0.000000","0.200000","0.000000","0.000000","0.000000","0.000000","0.000000","0","1"
"0.000000","-0.0776783","0.181819","0","0.000000","0.000000","0","-0.0776783","0.1708922","0.0466070","0.000000","0.1708922","-0.0776783","0.1708922","0.100000","0.100000","-0.0776783","-0.0776783","0.272728","0.0466070","1","-0.0776783","-0.0776783","0.545455","-0.0776783","-0.0776783","0.1708922","-0.0776783","0.000000","0.000000","0.000000","0.000000","0.000000","0.000000","0.000000","0","0.200000","0.000000","0","1","0","0.111112","0.000000","0.200000","0.000000","0.000000","0.000000","0.000000","0.000000","0","1"
"0.000000","-0.0652923","0.090910","1","0.000000","0.000000","0","-0.0652923","0.0391754","0.0391754","0.000000","0.1436432","-0.0652923","0.1436432","0.000000","0.100000","0.1436432","-0.0652923","0.272728","-0.0652923","0","-0.0652923","-0.0652923","0.363637","-0.0652923","-0.0652923","0.0391754","0.0391754","0.000000","0.000000","0.000000","0.000000","0.100000","0.000000","0.000000","1","0.100000","0.000000","0","0","0","0.000000","0.000000","0.200000","0.000000","0.000000","0.000000","0.000000","0.000000","0","1"
"0.000000","-0.0502354","0.090910","0","0.000000","0.000000","0","-0.0502354","0.0301412","0.0301412","0.000000","0.0301412","-0.0502354","0.0301412","0.000000","0.100000","0.2712711","-0.0502354","0.181819","-0.0502354","1","-0.0502354","-0.0502354","0.272728","-0.0502354","-0.0502354","0.0301412","0.0301412","0.000000","0.000000","0.000000","0.000000","0.100000","0.000000","0.000000","0","0.100000","0.000000","0","1","1","0.000000","0.000000","0.100000","0.000000","0.000000","0.000000","0.000000","0.000000","0","1"
"0.000000","-0.1117513","0.181819","0","0.000000","0.000000","0","-0.1117513","0.0670508","-0.1117513","0.000000","0.2458528","0.0670508","0.0670508","0.100000","0.000000","0.0670508","0.0670508","0.090910","0.0670508","1","-0.1117513","-0.1117513","0.454546","0.0670508","-0.1117513","0.0670508","-0.1117513","0.000000","0.000000","0.000000","0.000000","0.000000","0.000000","0.000000","0","0.100000","0.000000","0","0","0","0.111112","0.000000","0.200000","0.000000","0.000000","0.000000","0.100000","0.000000","0","1"
"0.000000","0.0600557","0.181819","0","0.000000","0.000000","0","-0.1000928","-0.1000928","-0.1000928","0.000000","0.0600557","0.0600557","-0.1000928","0.100000","0.000000","-0.1000928","0.0600557","0.090910","0.0600557","0","0.0600557","0.3803526","0.363637","-0.1000928","-0.1000928","-0.1000928","0.0600557","0.000000","0.000000","0.100000","0.000000","0.100000","0.000000","0.000000","1","0.000000","0.000000","0","0","0","0.000000","0.111112","0.100000","0.000000","0.000000","0.000000","0.000000","0.000000","1","1"
"0.200000","-0.0513108","0.090910","0","0.000000","0.111112","0","0.1128838","0.0307865","-0.0513108","0.111112","0.0307865","0.1128838","-0.0513108","0.000000","0.000000","0.1128838","-0.0513108","0.272728","-0.0513108","1","-0.0513108","-0.0513108","0.272728","0.0307865","-0.0513108","-0.0513108","0.0307865","0.000000","0.000000","0.000000","0.000000","0.100000","0.000000","0.000000","1","0.000000","0.000000","0","0","0","0.000000","0.000000","0.100000","0.000000","0.000000","0.000000","0.100000","0.000000","0","1"
"0.200000","-0.0560624","0.090910","0","0.000000","0.111112","0","0.1233373","0.0336375","-0.0560624","0.111112","0.0336375","0.1233373","-0.0560624","0.000000","0.000000","0.1233373","-0.0560624","0.272728","-0.0560624","0","-0.0560624","-0.0560624","0.272728","-0.0560624","-0.0560624","0.0336375","0.0336375","0.000000","0.000000","0.000000","0.000000","0.100000","0.000000","0.000000","1","0.100000","0.000000","1","0","0","0.000000","0.000000","0.100000","0.000000","0.000000","0.000000","0.000000","0.000000","0","1"
"0.200000","-0.0716302","0.090910","0","0.000000","0.111112","0","0.1575864","0.0429781","-0.0716302","0.111112","0.0429781","0.1575864","-0.0716302","0.100000","0.000000","0.0429781","-0.0716302","0.272728","0.0429781","0","-0.0716302","-0.0716302","0.363637","-0.0716302","-0.0716302","0.0429781","0.0429781","0.000000","0.000000","0.000000","0.000000","0.100000","0.000000","0.000000","0","0.100000","0.000000","1","1","0","0.111112","0.000000","0.100000","0.000000","0.000000","0.000000","0.000000","0.000000","0","1"
"0.000000","-0.1375557","0.272728","0","0.000000","0.000000","1","-0.1375557","0.0825334","-0.1375557","0.000000","-0.1375557","0.0825334","-0.1375557","0.200000","0.000000","0.0825334","0.0825334","0.090910","0.3026225","1","-0.1375557","-0.1375557","0.272728","0.0825334","-0.1375557","0.3026225","0.0825334","0.000000","0.000000","0.000000","0.000000","0.100000","0.000000","0.000000","0","0.200000","0.000000","0","0","0","0.111112","0.000000","0.000000","0.000000","0.111112","0.000000","0.100000","0.111112","1","1"
"0.000000","-0.0802893","0.181819","0","0.000000","0.000000","1","-0.0802893","0.0481736","-0.0802893","0.000000","0.1766365","0.1766365","-0.0802893","0.100000","0.000000","-0.0802893","-0.0802893","0.090910","0.0481736","1","-0.0802893","0.0481736","0.545455","0.0481736","0.0481736","0.0481736","-0.0802893","0.000000","0.000000","0.000000","0.000000","0.000000","0.000000","0.000000","0","0.100000","0.000000","0","0","0","0.111112","0.000000","0.200000","0.000000","0.000000","0.000000","0.100000","0.000000","0","1"
"0.000000","-0.1536718","0.000000","0","0.000000","0.000000","0","-0.1536718","0.3380779","-0.1536718","0.000000","0.0922031","0.3380779","0.3380779","0.000000","0.000000","-0.1536718","-0.1536718","0.272728","-0.1536718","0","0.0922031","0.3380779","0.454546","-0.1536718","-0.1536718","-0.1536718","-0.1536718","0.000000","0.000000","0.000000","0.000000","0.000000","0.000000","0.000000","1","0.000000","0.000000","0","0","0","0.000000","0.000000","0.100000","0.000000","0.000000","0.000000","0.000000","0.000000","0","1"
"0.000000","-0.1504639","0.000000","0","0.000000","0.000000","0","-0.1504639","0.3310207","-0.1504639","0.000000","0.3310207","-0.1504639","0.5717630","0.000000","0.000000","-0.1504639","-0.1504639","0.272728","-0.1504639","1","0.0902784","0.3310207","0.545455","-0.1504639","-0.1504639","-0.1504639","-0.1504639","0.000000","0.000000","0.000000","0.000000","0.000000","0.000000","0.000000","1","0.000000","0.000000","0","0","0","0.000000","0.000000","0.200000","0.000000","0.000000","0.000000","0.000000","0.000000","0","1"
"0.000000","-0.1342151","0.000000","0","0.000000","0.000000","0","-0.1342151","0.2952731","-0.1342151","0.000000","0.2952731","-0.1342151","0.5100172","0.000000","0.000000","0.0805290","-0.1342151","0.363637","-0.1342151","1","0.0805290","0.0805290","0.454546","-0.1342151","-0.1342151","-0.1342151","-0.1342151","0.000000","0.000000","0.000000","0.000000","0.000000","0.000000","0.000000","0","0.000000","0.000000","0","1","0","0.000000","0.000000","0.200000","0.000000","0.000000","0.000000","0.000000","0.000000","0","1"
"0.000000","-0.1360103","0.000000","0","0.000000","0.000000","0","-0.1360103","0.0816062","-0.1360103","0.000000","0.0816062","0.0816062","0.0816062","0.000000","0.000000","0.2992227","-0.1360103","0.272728","-0.1360103","0","0.0816062","0.0816062","0.272728","-0.1360103","-0.1360103","-0.1360103","0.2992227","0.000000","0.000000","0.000000","0.000000","0.200000","0.000000","0.000000","0","0.000000","0.000000","0","0","0","0.000000","0.000000","0.100000","0.000000","0.000000","0.000000","0.000000","0.000000","0","1"
"0.000000","-0.0938569","0.000000","0","0.000000","0.000000","0","-0.0938569","0.0563141","-0.0938569","0.000000","-0.0938569","0.0563141","0.0563141","0.000000","0.000000","0.3566562","-0.0938569","0.272728","-0.0938569","1","0.2064851","-0.0938569","0.181819","-0.0938569","-0.0938569","-0.0938569","0.2064851","0.000000","0.000000","0.000000","0.000000","0.200000","0.000000","0.000000","0","0.000000","0.000000","0","0","0","0.000000","0.000000","0.000000","0.000000","0.000000","0.000000","0.000000","0.000000","0","1"
"0.100000","-0.0896389","0.000000","0","0.000000","0.000000","0","0.0537833","0.1972055","-0.0896389","0.111112","-0.0896389","0.0537833","0.0537833","0.000000","0.000000","0.1972055","-0.0896389","0.363637","-0.0896389","0","0.0537833","-0.0896389","0.272728","-0.0896389","-0.0896389","-0.0896389","0.1972055","0.000000","0.000000","0.000000","0.000000","0.200000","0.000000","0.000000","0","0.000000","0.000000","0","0","0","0.000000","0.000000","0.000000","0.000000","0.000000","0.000000","0.000000","0.000000","0","1"
"0.100000","0.0617018","0.181819","0","0.000000","0.000000","0","0.0617018","0.0617018","-0.1028363","0.111112","-0.1028363","0.0617018","0.0617018","0.000000","0.000000","0.2262399","-0.1028363","0.272728","-0.1028363","1","0.0617018","-0.1028363","0.181819","-0.1028363","-0.1028363","0.0617018","0.0617018","0.000000","0.000000","0.100000","0.000000","0.100000","0.000000","0.000000","0","0.100000","0.000000","0","1","0","0.000000","0.000000","0.000000","0.111112","0.000000","0.000000","0.000000","0.000000","0","1"
"0.100000","0.0723801","0.181819","0","0.000000","0.000000","0","0.0723801","0.0723801","0.0723801","0.111112","-0.1206334","0.0723801","0.0723801","0.000000","0.100000","0.0723801","-0.1206334","0.363637","-0.1206334","0","0.0723801","-0.1206334","0.181819","-0.1206334","-0.1206334","0.0723801","0.0723801","0.000000","0.000000","0.100000","0.000000","0.100000","0.000000","0.000000","1","0.100000","0.000000","1","0","0","0.000000","0.000000","0.000000","0.111112","0.000000","0.000000","0.000000","0.000000","0","1"
"0.000000","0.0485643","0.181819","1","0.000000","0.000000","1","-0.0809406","0.0485643","0.0485643","0.000000","0.0485643","0.0485643","0.1780692","0.000000","0.100000","-0.0809406","-0.0809406","0.272728","-0.0809406","0","-0.0809406","0.0485643","0.363637","-0.0809406","-0.0809406","0.0485643","0.0485643","0.000000","0.000000","0.100000","0.000000","0.100000","0.000000","0.000000","0","0.100000","0.000000","0","0","0","0.000000","0.000000","0.100000","0.111112","0.000000","0.000000","0.000000","0.000000","0","1"
"0.000000","0.0441000","0.181819","0","0.000000","0.000000","0","-0.0735000","0.0441000","0.0441000","0.000000","0.0441000","-0.0735000","0.1617001","0.000000","0.100000","0.1617001","-0.0735000","0.181819","-0.0735000","1","-0.0735000","0.0441000","0.363637","-0.0735000","-0.0735000","0.0441000","-0.0735000","0.000000","0.000000","0.100000","0.000000","0.000000","0.000000","0.000000","0","0.100000","0.000000","0","1","1","0.000000","0.000000","0.100000","0.111112","0.000000","0.000000","0.000000","0.000000","0","1"
"0.000000","-0.0430201","0.272728","0","0.000000","0.000000","1","-0.0430201","-0.0430201","-0.0430201","0.000000","-0.0430201","0.0946441","0.0258120","0.000000","0.000000","0.0258120","-0.0430201","0.090910","-0.0430201","0","0.0258120","-0.0430201","0.272728","0.1634762","-0.0430201","0.0946441","-0.0430201","0.000000","0.000000","0.000000","0.000000","0.000000","0.000000","0.000000","0","0.200000","0.000000","0","0","0","0.000000","0.000000","0.000000","0.000000","0.000000","0.000000","0.300000","0.000000","1","1"
"0.000000","-0.0743761","0.090910","0","0.000000","0.000000","0","-0.0743761","0.0446256","-0.0743761","0.000000","-0.0743761","0.0446256","-0.0743761","0.000000","0.000000","0.2826291","-0.0743761","0.181819","-0.0743761","1","0.0446256","-0.0743761","0.181819","0.0446256","-0.0743761","0.0446256","0.1636274","0.000000","0.000000","0.000000","0.000000","0.200000","0.000000","0.000000","0","0.100000","0.000000","0","0","0","0.000000","0.000000","0.000000","0.000000","0.000000","0.000000","0.100000","0.000000","0","1"
"0.000000","-0.0753582","0.090910","0","0.000000","0.000000","0","-0.0753582","0.0452149","-0.0753582","0.000000","-0.0753582","0.1657881","-0.0753582","0.000000","0.000000","0.1657881","-0.0753582","0.181819","-0.0753582","0","0.0452149","-0.0753582","0.181819","0.0452149","-0.0753582","0.0452149","0.1657881","0.000000","0.000000","0.000000","0.000000","0.200000","0.000000","0.000000","0","0.100000","0.000000","0","0","0","0.000000","0.000000","0.000000","0.000000","0.000000","0.000000","0.100000","0.000000","0","1"
"0.100000","-0.0605713","0.181819","0","0.000000","0.000000","1","0.0363428","-0.0605713","-0.0605713","0.111112","-0.0605713","0.1332569","-0.0605713","0.000000","0.000000","0.0363428","0.0363428","0.181819","-0.0605713","0","0.0363428","-0.0605713","0.181819","0.1332569","-0.0605713","0.0363428","0.0363428","0.000000","0.000000","0.000000","0.000000","0.100000","0.000000","0.111112","0","0.100000","0.000000","0","0","0","0.000000","0.000000","0.000000","0.000000","0.000000","0.000000","0.200000","0.000000","0","1"
"0.100000","-0.0597025","0.272728","0","0.000000","0.000000","0","0.0358215","-0.0597025","-0.0597025","0.111112","-0.0597025","0.1313455","-0.0597025","0.000000","0.000000","-0.0597025","0.0358215","0.181819","-0.0597025","0","0.0358215","-0.0597025","0.181819","0.1313455","-0.0597025","0.1313455","0.0358215","0.000000","0.000000","0.000000","0.000000","0.100000","0.000000","0.111112","0","0.200000","0.000000","1","0","1","0.000000","0.000000","0.000000","0.000000","0.000000","0.000000","0.200000","0.000000","1","1"
"0.000000","-0.0502009","0.272728","1","0.000000","0.000000","0","-0.0502009","-0.0502009","0.1104421","0.000000","-0.0502009","0.1104421","-0.0502009","0.000000","0.200000","-0.0502009","0.1104421","0.181819","-0.0502009","0","-0.0502009","0.0301206","0.181819","0.0301206","-0.0502009","0.0301206","0.0301206","0.111112","0.000000","0.000000","0.000000","0.100000","0.000000","0.000000","1","0.100000","0.000000","0","0","0","0.000000","0.000000","0.000000","0.000000","0.000000","0.000000","0.100000","0.000000","0","1"
"0.100000","-0.0665142","0.181819","1","0.111112","0.000000","0","0.0399085","-0.0665142","0.0399085","0.000000","-0.0665142","0.1463312","-0.0665142","0.100000","0.100000","-0.0665142","0.0399085","0.272728","0.0399085","0","-0.0665142","0.1463312","0.272728","-0.0665142","0.0399085","-0.0665142","0.0399085","0.111112","0.000000","0.000000","0.000000","0.100000","0.000000","0.000000","0","0.000000","0.111112","0","0","0","0.000000","0.000000","0.000000","0.000000","0.000000","0.000000","0.000000","0.000000","1","1"
"0.100000","-0.0631358","0.272728","0","0.111112","0.000000","1","0.0378815","-0.0631358","0.0378815","0.000000","-0.0631358","0.1388988","-0.0631358","0.100000","0.100000","-0.0631358","0.0378815","0.181819","0.0378815","0","-0.0631358","0.1388988","0.272728","-0.0631358","0.0378815","0.0378815","-0.0631358","0.111112","0.000000","0.000000","0.000000","0.000000","0.000000","0.000000","0","0.100000","0.111112","1","0","0","0.000000","0.000000","0.000000","0.000000","0.000000","0.000000","0.000000","0.000000","0","1"
"0.000000","-0.0802029","0.181819","1","0.000000","0.000000","0","-0.0802029","-0.0802029","0.0481217","0.000000","0.0481217","0.1764463","0.0481217","0.100000","0.100000","0.0481217","-0.0802029","0.090910","0.0481217","0","-0.0802029","0.1764463","0.454546","-0.0802029","-0.0802029","0.0481217","-0.0802029","0.000000","0.000000","0.000000","0.000000","0.000000","0.000000","0.000000","1","0.100000","0.000000","0","0","0","0.000000","0.000000","0.100000","0.000000","0.000000","0.000000","0.000000","0.000000","0","1"
"0.000000","-0.0549367","0.181819","0","0.000000","0.000000","0","-0.0549367","0.0329620","0.1208607","0.000000","0.0329620","0.0329620","-0.0549367","0.000000","0.200000","0.0329620","-0.0549367","0.272728","-0.0549367","1","-0.0549367","0.0329620","0.272728","-0.0549367","0.1208607","-0.0549367","0.0329620","0.000000","0.000000","0.000000","0.000000","0.100000","0.222223","0.000000","0","0.000000","0.000000","0","0","0","0.000000","0.000000","0.100000","0.000000","0.000000","0.000000","0.000000","0.000000","0","1"
"0.000000","-0.0603984","0.181819","1","0.000000","0.000000","0","-0.0603984","0.0362391","0.1328766","0.000000","-0.0603984","0.0362391","0.0362391","0.000000","0.200000","0.0362391","-0.0603984","0.363637","-0.0603984","0","0.0362391","-0.0603984","0.181819","-0.0603984","0.1328766","-0.0603984","0.0362391","0.000000","0.111112","0.000000","0.000000","0.100000","0.222223","0.000000","0","0.000000","0.000000","0","1","0","0.000000","0.000000","0.000000","0.000000","0.000000","0.000000","0.000000","0.000000","0","1"
"0.000000","-0.0754950","0.272728","1","0.000000","0.000000","0","-0.0754950","0.0452970","0.1660890","0.000000","0.0452970","-0.0754950","0.0452970","0.000000","0.200000","-0.0754950","-0.0754950","0.363637","-0.0754950","0","0.0452970","-0.0754950","0.272728","-0.0754950","0.1660890","0.0452970","0.0452970","0.000000","0.111112","0.000000","0.000000","0.100000","0.222223","0.000000","0","0.100000","0.000000","0","1","1","0.000000","0.000000","0.100000","0.000000","0.000000","0.000000","0.000000","0.000000","0","1"
"0.000000","-0.0736738","0.272728","0","0.000000","0.000000","0","-0.0736738","-0.0736738","0.1620824","0.000000","0.0442043","0.0442043","0.0442043","0.000000","0.200000","-0.0736738","-0.0736738","0.272728","-0.0736738","0","0.0442043","-0.0736738","0.272728","0.0442043","0.0442043","0.0442043","0.0442043","0.000000","0.111112","0.000000","0.000000","0.100000","0.111112","0.000000","0","0.100000","0.000000","0","1","1","0.000000","0.000000","0.100000","0.000000","0.000000","0.000000","0.100000","0.000000","0","1"
"0.000000","0.0521529","0.272728","0","0.000000","0.000000","0","-0.0869215","0.0521529","-0.0869215","0.000000","0.1912272","0.0521529","0.0521529","0.100000","0.000000","-0.0869215","0.0521529","0.090910","0.0521529","1","-0.0869215","-0.0869215","0.454546","0.0521529","-0.0869215","0.0521529","-0.0869215","0.000000","0.000000","0.100000","0.000000","0.000000","0.000000","0.000000","1","0.100000","0.000000","0","0","0","0.000000","0.111112","0.200000","0.111112","0.000000","0.000000","0.100000","0.000000","0","1"
"0.000000","0.2297906","0.363637","0","0.000000","0.000000","1","-0.1044503","0.0626702","-0.1044503","0.000000","0.0626702","0.0626702","-0.1044503","0.100000","0.000000","-0.1044503","0.0626702","0.090910","0.0626702","1","-0.1044503","-0.1044503","0.363637","0.0626702","-0.1044503","0.0626702","0.0626702","0.000000","0.000000","0.200000","0.000000","0.100000","0.000000","0.000000","0","0.100000","0.000000","0","0","1","0.000000","0.111112","0.100000","0.111112","0.000000","0.000000","0.100000","0.000000","1","1"
"0.100000","-0.0851562","0.272728","1","0.111112","0.000000","0","0.0510937","-0.0851562","0.0510937","0.000000","0.0510937","-0.0851562","-0.0851562","0.000000","0.100000","-0.0851562","0.0510937","0.272728","-0.0851562","0","0.0510937","-0.0851562","0.181819","0.1873437","0.0510937","0.0510937","0.0510937","0.111112","0.000000","0.000000","0.000000","0.100000","0.000000","0.000000","0","0.100000","0.111112","0","0","1","0.000000","0.000000","0.100000","0.000000","0.000000","0.000000","0.200000","0.000000","1","1"
"0.100000","-0.0788795","0.272728","0","0.111112","0.000000","1","0.0473277","-0.0788795","0.0473277","0.000000","-0.0788795","-0.0788795","-0.0788795","0.000000","0.100000","0.0473277","0.0473277","0.272728","-0.0788795","0","0.0473277","-0.0788795","0.090910","0.1735349","0.0473277","0.0473277","0.0473277","0.111112","0.000000","0.000000","0.000000","0.100000","0.000000","0.000000","0","0.100000","0.111112","1","0","0","0.000000","0.000000","0.000000","0.000000","0.000000","0.000000","0.200000","0.000000","0","1"
"0.100000","-0.0699805","0.181819","0","0.111112","0.000000","1","0.0419883","-0.0699805","0.0419883","0.000000","-0.0699805","0.1539572","-0.0699805","0.000000","0.100000","0.0419883","-0.0699805","0.272728","-0.0699805","0","0.0419883","0.0419883","0.181819","0.0419883","0.0419883","-0.0699805","0.0419883","0.000000","0.000000","0.000000","0.000000","0.100000","0.000000","0.000000","0","0.000000","0.111112","0","0","0","0.000000","0.000000","0.000000","0.000000","0.000000","0.000000","0.100000","0.000000","0","1"
"0.000000","-0.0992629","0.090910","0","0.000000","0.000000","0","-0.0992629","-0.0992629","-0.0992629","0.000000","0.0595577","0.2183783","-0.0992629","0.000000","0.000000","0.2183783","-0.0992629","0.090910","-0.0992629","0","0.0595577","0.0595577","0.363637","0.0595577","-0.0992629","0.0595577","0.0595577","0.000000","0.000000","0.000000","0.000000","0.100000","0.000000","0.000000","1","0.100000","0.000000","0","0","0","0.000000","0.000000","0.100000","0.000000","0.000000","0.000000","0.100000","0.000000","0","1"
"0.000000","0.0522068","0.272728","0","0.000000","0.000000","0","-0.0870113","0.1914248","-0.0870113","0.000000","-0.0870113","0.0522068","0.1914248","0.100000","0.000000","-0.0870113","-0.0870113","0.181819","0.0522068","1","-0.0870113","-0.0870113","0.454546","0.0522068","-0.0870113","0.1914248","-0.0870113","0.000000","0.000000","0.100000","0.000000","0.000000","0.000000","0.000000","0","0.200000","0.000000","0","0","1","0.111112","0.000000","0.000000","0.111112","0.000000","0.000000","0.100000","0.000000","0","1"
"0.000000","-0.1046797","0.272728","0","0.000000","0.000000","0","-0.1046797","0.2302952","-0.1046797","0.000000","0.0628078","0.0628078","0.2302952","0.100000","0.000000","-0.1046797","-0.1046797","0.181819","0.0628078","1","-0.1046797","-0.1046797","0.454546","0.0628078","-0.1046797","0.2302952","-0.1046797","0.000000","0.000000","0.000000","0.000000","0.000000","0.000000","0.000000","0","0.200000","0.000000","0","1","0","0.111112","0.000000","0.100000","0.000000","0.000000","0.111112","0.100000","0.000000","1","1"
"0.000000","-0.0722955","0.181819","1","0.000000","0.000000","0","-0.0722955","-0.0722955","0.0433773","0.000000","0.0433773","0.1590502","-0.0722955","0.100000","0.100000","0.0433773","-0.0722955","0.090910","0.0433773","0","-0.0722955","0.0433773","0.454546","-0.0722955","-0.0722955","0.1590502","0.0433773","0.000000","0.000000","0.000000","0.000000","0.100000","0.000000","0.000000","1","0.200000","0.000000","0","0","0","0.111112","0.000000","0.100000","0.000000","0.000000","0.111112","0.000000","0.000000","0","1"
"0.000000","-0.1416140","0.090910","0","0.000000","0.000000","1","-0.1416140","0.0849684","-0.1416140","0.000000","0.3115508","0.3115508","0.0849684","0.100000","0.000000","-0.1416140","-0.1416140","0.090910","0.0849684","1","-0.1416140","0.3115508","0.636364","-0.1416140","-0.1416140","0.0849684","-0.1416140","0.000000","0.000000","0.000000","0.000000","0.000000","0.000000","0.000000","0","0.100000","0.000000","0","0","0","0.111112","0.000000","0.200000","0.000000","0.000000","0.000000","0.000000","0.000000","0","1"
"0.000000","-0.0585175","0.090910","0","0.000000","0.000000","0","-0.0585175","0.0351105","-0.0585175","0.000000","0.3159944","0.0351105","-0.0585175","0.000000","0.000000","0.0351105","0.0351105","0.090910","-0.0585175","1","-0.0585175","-0.0585175","0.545455","0.0351105","-0.0585175","-0.0585175","0.0351105","0.000000","0.000000","0.000000","0.000000","0.100000","0.000000","0.000000","1","0.000000","0.000000","0","0","0","0.000000","0.000000","0.400000","0.000000","0.000000","0.000000","0.100000","0.000000","1","1"
"0.000000","-0.1306355","0.272728","0","0.000000","0.000000","0","-0.1306355","0.0783813","-0.1306355","0.000000","-0.1306355","0.2873981","-0.1306355","0.100000","0.000000","0.0783813","0.0783813","0.090910","0.0783813","1","-0.1306355","0.0783813","0.272728","0.0783813","0.0783813","0.0783813","-0.1306355","0.000000","0.000000","0.000000","0.000000","0.000000","0.000000","0.000000","0","0.100000","0.000000","0","0","0","0.000000","0.000000","0.000000","0.000000","0.000000","0.000000","0.100000","0.000000","0","1"
"0.200000","-0.0442777","0.090910","0","0.000000","0.111112","0","0.0974109","0.0974109","-0.0442777","0.111112","-0.0442777","0.1682551","-0.0442777","0.000000","0.000000","-0.0442777","-0.0442777","0.363637","-0.0442777","1","-0.0442777","-0.0442777","0.272728","0.0265666","-0.0442777","0.0265666","0.0265666","0.000000","0.000000","0.000000","0.000000","0.100000","0.000000","0.000000","0","0.100000","0.000000","0","0","1","0.000000","0.000000","0.000000","0.000000","0.000000","0.000000","0.100000","0.000000","0","1"
"0.200000","-0.0617042","0.090910","0","0.000000","0.111112","0","0.1357493","0.1357493","-0.0617042","0.111112","-0.0617042","0.1357493","-0.0617042","0.000000","0.000000","-0.0617042","-0.0617042","0.363637","-0.0617042","0","-0.0617042","-0.0617042","0.272728","0.0370225","-0.0617042","0.0370225","0.1357493","0.000000","0.000000","0.000000","0.000000","0.200000","0.000000","0.000000","1","0.100000","0.000000","1","0","0","0.000000","0.000000","0.000000","0.000000","0.000000","0.000000","0.100000","0.000000","0","1"
"0.200000","-0.0625295","0.181819","0","0.000000","0.111112","0","0.1375649","0.1375649","-0.0625295","0.111112","-0.0625295","0.1375649","-0.0625295","0.000000","0.000000","-0.0625295","0.0375177","0.363637","-0.0625295","0","-0.0625295","-0.0625295","0.181819","0.0375177","-0.0625295","-0.0625295","0.1375649","0.000000","0.000000","0.000000","0.000000","0.200000","0.000000","0.000000","0","0.000000","0.000000","1","1","0","0.000000","0.000000","0.000000","0.000000","0.000000","0.000000","0.100000","0.000000","0","1"
"0.200000","-0.0793331","0.090910","0","0.000000","0.111112","0","0.1745328","0.0475999","0.0475999","0.111112","0.0475999","0.0475999","0.0475999","0.000000","0.100000","-0.0793331","0.0475999","0.454546","-0.0793331","1","-0.0793331","-0.0793331","0.272728","-0.0793331","-0.0793331","-0.0793331","0.1745328","0.111112","0.000000","0.000000","0.000000","0.200000","0.000000","0.000000","0","0.000000","0.000000","0","0","0","0.000000","0.000000","0.100000","0.000000","0.000000","0.000000","0.000000","0.000000","1","1"
"0.100000","-0.0859468","0.090910","1","0.000000","0.000000","0","0.0515681","0.1890831","0.0515681","0.111112","0.0515681","0.0515681","0.0515681","0.000000","0.100000","-0.0859468","0.0515681","0.363637","-0.0859468","0","-0.0859468","-0.0859468","0.272728","-0.0859468","-0.0859468","-0.0859468","0.1890831","0.111112","0.000000","0.000000","0.000000","0.200000","0.000000","0.000000","0","0.000000","0.000000","0","0","0","0.000000","0.000000","0.100000","0.000000","0.000000","0.000000","0.000000","0.000000","0","1"
"0.100000","-0.1078707","0.181819","0","0.000000","0.000000","0","0.0647224","0.0647224","0.0647224","0.111112","0.0647224","-0.1078707","0.0647224","0.100000","0.100000","-0.1078707","0.2373156","0.272728","0.0647224","1","-0.1078707","0.0647224","0.272728","-0.1078707","-0.1078707","-0.1078707","0.0647224","0.111112","0.000000","0.000000","0.000000","0.100000","0.000000","0.000000","1","0.000000","0.000000","0","0","0","0.000000","0.000000","0.100000","0.000000","0.111112","0.000000","0.000000","0.000000","0","1"
"0.100000","-0.1176906","0.181819","0","0.000000","0.000000","0","0.0706144","0.0706144","0.0706144","0.111112","0.0706144","0.0706144","0.0706144","0.100000","0.100000","-0.1176906","0.0706144","0.272728","0.0706144","0","-0.1176906","0.0706144","0.363637","-0.1176906","-0.1176906","-0.1176906","0.0706144","0.000000","0.000000","0.000000","0.000000","0.100000","0.000000","0.000000","1","0.000000","0.000000","1","0","0","0.000000","0.000000","0.100000","0.000000","0.111112","0.000000","0.000000","0.000000","1","1"
"0.000000","-0.1512445","0.181819","0","0.000000","0.000000","1","-0.1512445","0.0907467","-0.1512445","0.000000","0.5747289","0.0907467","0.0907467","0.100000","0.000000","-0.1512445","0.0907467","0.090910","0.0907467","1","-0.1512445","0.0907467","0.545455","-0.1512445","-0.1512445","0.0907467","-0.1512445","0.000000","0.000000","0.000000","0.000000","0.000000","0.000000","0.000000","0","0.100000","0.000000","0","0","0","0.000000","0.000000","0.300000","0.000000","0.111112","0.000000","0.000000","0.000000","0","1"
"0.100000","-0.0842866","0.090910","0","0.000000","0.000000","0","0.0505720","-0.0842866","-0.0842866","0.000000","0.1854305","-0.0842866","0.0505720","0.000000","0.000000","0.1854305","0.0505720","0.181819","-0.0842866","0","0.0505720","0.0505720","0.272728","0.0505720","-0.0842866","-0.0842866","-0.0842866","0.000000","0.000000","0.000000","0.111112","0.000000","0.000000","0.111112","0","0.000000","0.000000","0","0","0","0.000000","0.000000","0.200000","0.000000","0.000000","0.000000","0.100000","0.000000","0","1"
"0.100000","-0.0777076","0.090910","0","0.000000","0.000000","0","0.0466246","-0.0777076","-0.0777076","0.000000","0.1709567","-0.0777076","0.0466246","0.000000","0.000000","0.1709567","-0.0777076","0.272728","-0.0777076","0","0.1709567","0.0466246","0.272728","0.0466246","-0.0777076","-0.0777076","-0.0777076","0.000000","0.000000","0.000000","0.111112","0.000000","0.000000","0.111112","0","0.000000","0.000000","1","0","0","0.000000","0.000000","0.200000","0.000000","0.000000","0.000000","0.100000","0.000000","0","1"
"0.000000","-0.1271337","0.000000","0","0.000000","0.000000","0","-0.1271337","-0.1271337","-0.1271337","0.000000","0.4831082","0.2796942","0.0762802","0.000000","0.000000","-0.1271337","-0.1271337","0.181819","-0.1271337","0","0.0762802","0.2796942","0.545455","-0.1271337","-0.1271337","-0.1271337","0.0762802","0.000000","0.000000","0.000000","0.000000","0.100000","0.000000","0.000000","1","0.000000","0.000000","0","0","0","0.000000","0.000000","0.300000","0.000000","0.000000","0.000000","0.000000","0.000000","0","1"
"0.100000","-0.0767985","0.000000","0","0.000000","0.000000","0","0.0460791","-0.0767985","-0.0767985","0.111112","0.0460791","0.1689567","-0.0767985","0.000000","0.000000","-0.0767985","-0.0767985","0.272728","-0.0767985","0","0.1689567","0.2918342","0.363637","-0.0767985","-0.0767985","-0.0767985","0.0460791","0.000000","0.000000","0.000000","0.000000","0.100000","0.000000","0.111112","1","0.000000","0.000000","0","0","0","0.000000","0.000000","0.100000","0.000000","0.000000","0.000000","0.000000","0.000000","0","1"
"0.100000","-0.0857896","0.000000","0","0.000000","0.000000","0","0.0514738","-0.0857896","-0.0857896","0.111112","-0.0857896","0.1887371","0.0514738","0.000000","0.000000","-0.0857896","-0.0857896","0.272728","-0.0857896","0","0.1887371","0.3260005","0.363637","-0.0857896","-0.0857896","-0.0857896","0.0514738","0.000000","0.000000","0.000000","0.000000","0.100000","0.000000","0.111112","0","0.000000","0.000000","1","0","0","0.000000","0.000000","0.000000","0.000000","0.000000","0.000000","0.000000","0.000000","0","1"
"0.100000","-0.1280369","0.090910","0","0.000000","0.000000","0","0.0768221","-0.1280369","-0.1280369","0.111112","-0.1280369","0.2816811","0.0768221","0.100000","0.000000","-0.1280369","-0.1280369","0.272728","0.0768221","0","0.0768221","0.2816811","0.363637","-0.1280369","-0.1280369","0.0768221","0.0768221","0.000000","0.000000","0.000000","0.000000","0.100000","0.000000","0.000000","1","0.100000","0.000000","0","0","0","0.111112","0.000000","0.000000","0.000000","0.000000","0.000000","0.000000","0.000000","1","1"
"0.000000","-0.1001421","0.181819","0","0.000000","0.000000","1","-0.1001421","-0.1001421","0.0600853","0.000000","-0.1001421","0.0600853","0.0600853","0.000000","0.100000","0.0600853","0.0600853","0.181819","-0.1001421","0","0.0600853","0.2203127","0.272728","0.0600853","-0.1001421","0.0600853","-0.1001421","0.111112","0.000000","0.000000","0.000000","0.000000","0.000000","0.000000","0","0.100000","0.000000","0","0","0","0.000000","0.000000","0.000000","0.000000","0.000000","0.000000","0.100000","0.000000","0","1"
"0.100000","-0.0529206","0.090910","1","0.111112","0.000000","0","0.0317524","-0.0529206","0.0317524","0.111112","-0.0529206","0.0317524","0.0317524","0.000000","0.100000","0.2010983","0.0317524","0.272728","-0.0529206","0","-0.0529206","0.0317524","0.181819","-0.0529206","-0.0529206","-0.0529206","0.0317524","0.111112","0.000000","0.000000","0.000000","0.100000","0.000000","0.000000","0","0.000000","0.000000","0","0","0","0.000000","0.000000","0.000000","0.000000","0.000000","0.000000","0.000000","0.000000","0","1"
"0.100000","-0.0466679","0.090910","0","0.111112","0.000000","1","0.0280007","-0.0466679","0.0280007","0.111112","-0.0466679","0.0280007","-0.0466679","0.000000","0.100000","0.1773380","0.0280007","0.181819","-0.0466679","0","-0.0466679","0.1026694","0.181819","-0.0466679","-0.0466679","-0.0466679","0.0280007","0.111112","0.000000","0.000000","0.000000","0.100000","0.000000","0.000000","0","0.000000","0.000000","1","0","0","0.000000","0.000000","0.000000","0.000000","0.000000","0.000000","0.000000","0.000000","0","1"
"0.100000","-0.0708367","0.090910","0","0.111112","0.000000","0","0.0425020","0.0425020","0.0425020","0.111112","0.0425020","0.1558407","-0.0708367","0.000000","0.100000","-0.0708367","-0.0708367","0.363637","-0.0708367","1","0.0425020","0.0425020","0.272728","-0.0708367","0.0425020","-0.0708367","0.0425020","0.000000","0.111112","0.000000","0.000000","0.100000","0.111112","0.000000","0","0.000000","0.000000","0","0","0","0.000000","0.000000","0.100000","0.000000","0.000000","0.000000","0.000000","0.000000","0","1"
"0.200000","-0.0912208","0.090910","1","0.111112","0.000000","0","0.2006858","0.0547325","0.0547325","0.222223","-0.0912208","0.0547325","-0.0912208","0.000000","0.100000","-0.0912208","-0.0912208","0.454546","-0.0912208","0","0.0547325","0.0547325","0.181819","-0.0912208","0.0547325","-0.0912208","0.2006858","0.000000","0.111112","0.000000","0.000000","0.200000","0.111112","0.111112","0","0.000000","0.000000","0","1","0","0.000000","0.000000","0.000000","0.000000","0.000000","0.000000","0.000000","0.000000","0","1"
"0.200000","-0.0717929","0.090910","0","0.111112","0.000000","1","0.1579443","0.0430757","0.0430757","0.222223","-0.0717929","0.0430757","-0.0717929","0.000000","0.100000","0.0430757","-0.0717929","0.454546","-0.0717929","0","0.0430757","-0.0717929","0.090910","-0.0717929","0.0430757","-0.0717929","0.1579443","0.000000","0.111112","0.000000","0.000000","0.200000","0.111112","0.111112","0","0.000000","0.000000","1","0","0","0.000000","0.000000","0.000000","0.000000","0.000000","0.000000","0.000000","0.000000","0","1"
"0.200000","-0.0511637","0.090910","0","0.111112","0.000000","0","0.1125600","-0.0511637","0.0306982","0.222223","-0.0511637","-0.0511637","-0.0511637","0.000000","0.100000","0.1944219","-0.0511637","0.454546","-0.0511637","0","0.0306982","-0.0511637","0.000000","-0.0511637","0.0306982","-0.0511637","0.1125600","0.000000","0.111112","0.000000","0.000000","0.200000","0.111112","0.111112","0","0.000000","0.000000","0","1","0","0.000000","0.000000","0.000000","0.000000","0.000000","0.000000","0.000000","0.000000","0","1"
"0.200000","-0.0417463","0.090910","0","0.111112","0.000000","0","0.0918418","-0.0417463","0.0250478","0.222223","-0.0417463","-0.0417463","-0.0417463","0.000000","0.100000","0.2254299","-0.0417463","0.363637","-0.0417463","0","0.0250478","-0.0417463","0.000000","-0.0417463","-0.0417463","-0.0417463","0.0918418","0.000000","0.111112","0.000000","0.000000","0.200000","0.000000","0.111112","0","0.000000","0.000000","1","0","0","0.000000","0.000000","0.000000","0.000000","0.000000","0.000000","0.000000","0.000000","0","1"
"0.100000","-0.0787812","0.090910","0","0.000000","0.000000","1","0.0472687","-0.0787812","-0.0787812","0.000000","0.1733186","-0.0787812","0.0472687","0.000000","0.000000","-0.0787812","0.0472687","0.272728","-0.0787812","0","0.1733186","0.1733186","0.363637","0.0472687","-0.0787812","-0.0787812","-0.0787812","0.000000","0.000000","0.000000","0.111112","0.000000","0.000000","0.111112","0","0.000000","0.000000","0","0","0","0.000000","0.000000","0.200000","0.000000","0.000000","0.000000","0.100000","0.000000","0","1"
"0.100000","-0.0930218","0.090910","0","0.000000","0.000000","0","0.0558131","-0.0930218","-0.0930218","0.000000","0.0558131","-0.0930218","0.2046480","0.000000","0.000000","-0.0930218","0.0558131","0.272728","-0.0930218","0","0.2046480","0.2046480","0.363637","0.0558131","-0.0930218","-0.0930218","-0.0930218","0.000000","0.000000","0.000000","0.111112","0.000000","0.000000","0.111112","0","0.000000","0.000000","1","0","1","0.000000","0.000000","0.100000","0.000000","0.000000","0.000000","0.100000","0.000000","0","1"
"0.000000","-0.1003381","0.100000","0","0.000000","0.000000","0","0.0527456","0.2262470","0.1864975","0.000000","-0.1003381","-0.1003381","-0.1003381","0.000000","0.000000","-0.1003381","0.1003381","0.000000","-0.1003381","0","0.1188970","0.1003381","0.000000","-0.1003381","0.1003381","-0.1003381","0.3010144","0.111112","0.000000","0.000000","0.000000","0.000000","0.000000","0.000000","1","0.000000","0.000000","0","0","0","0.000000","0.3010144","0.200000","0.000000","0.000000","0.000000","0.000000","0.000000","0","1"
